"","id","lastpage","Start.naviConfig.","Start.mobile.","Start.consentGiven.","Start.screenSize.","Start.userAgent.","Age","Gender.gender.","CheckActiveReading","CheckActiveReading2","solarIntroGranny.navigationSolar.","Xsolar1.taskTime.","Xsolar1.completed.","Xsolar1.moves.","Xsolar1.errors.","Xsolar2.taskTime.","Xsolar2.completed.","Xsolar2.moves.","Xsolar2.errors.","solarUEQShedonism.boring.","solarUEQShedonism.notInteresting.","solarUEQShedonism.conventional.","solarUEQShedonism.usual.","solarUEQSusability.obstructive.","solarUEQSusability.complicated.","solarUEQSusability.inefficient.","solarUEQSusability.confusing.","batteryIntroGranny.navigationBattery.","Xbattery1.taskTime.","Xbattery1.completed.","Xbattery1.moves.","Xbattery1.errors.","Xbattery2.taskTime.","Xbattery2.completed.","Xbattery2.moves.","Xbattery2.errors.","batteryUEQSusability.obstructive.","batteryUEQSusability.complicated.","batteryUEQSusability.inefficient.","batteryUEQSusability.confusing.","batteryUEQShedonism.boring.","batteryUEQShedonism.notInteresting.","batteryUEQShedonism.conventional.","batteryUEQShedonism.usual.","CheckActiveReading3","DataQuality","DataQualityFollowUp","Feedback"
"1",257,21,"small","true","Y","390x657","Mozilla/5.0 (iPhone; CPU iPhone OS 16_7 like Mac OS X) AppleWebKit/605.1.15 (KHTML, like Gecko) CriOS/119.0.6045.169 Mobile/15E148 Safari/604.1",45,"woman","This is the button for a hamburger menu, which opens after you click on it.",NA,"hamTop",25561,1,4,0,40132,1,4,0,4,4,2,2,5,4,4,4,"bottomBar",38958,1,1,0,9059,1,1,0,6,6,6,5,3,5,4,4,"Yellow","Yes","",""
"2",259,21,"small","true","Y","428x744","Mozilla/5.0 (iPhone; CPU iPhone OS 17_1_1 like Mac OS X) AppleWebKit/605.1.15 (KHTML, like Gecko) Version/17.1.1 Mobile/15E148 Safari/604.1",51,"woman","This is the button for a hamburger menu, which opens after you click on it.",NA,"hamTop",26950,1,5,0,35584,1,4,0,5,5,5,5,6,6,7,6,"bottomBar",42459,1,2,0,11849,1,2,0,7,7,7,7,5,6,5,5,"Yellow","Yes","","This was an interesting survey! Easy but still interesting. "
"3",260,21,"big","true","Y","374x700","Mozilla/5.0 (Linux; Android 10; K) AppleWebKit/537.36 (KHTML, like Gecko) Chrome/119.0.0.0 Mobile Safari/537.36",38,"man","This is the button for a hamburger menu, which opens after you click on it.",NA,"bottomBar",36883.5,1,20,0,41843.3000000007,1,17,0,2,2,3,2,2,2,1,2,"hamTop",33341.5999999996,1,3,0,29632.7999999989,1,8,0,2,2,2,2,2,2,2,2,"Yellow","Yes","",""
"4",261,21,"small","true","Y","390x669","Mozilla/5.0 (iPhone; CPU iPhone OS 17_1 like Mac OS X) AppleWebKit/605.1.15 (KHTML, like Gecko) CriOS/119.0.6045.169 Mobile/15E148 Safari/604.1",30,"man","This is the button for a hamburger menu, which opens after you click on it.",NA,"hamTop",33433,1,3,0,14966,1,4,0,6,6,6,6,6,7,7,7,"bottomBar",8339,1,1,0,10213,1,1,0,7,7,7,7,7,7,7,7,"Yellow","Yes","",""
"5",262,21,"big","true","Y","393x659","Mozilla/5.0 (iPhone; CPU iPhone OS 17_1_1 like Mac OS X) AppleWebKit/605.1.15 (KHTML, like Gecko) Version/17.1.1 Mobile/15E148 Safari/604.1",33,"woman","This is the button for a hamburger menu, which opens after you click on it.",NA,"bottomBar",34353,1,6,0,29663,1,16,0,4,4,3,2,4,6,3,3,"hamTop",21106,1,3,0,8938,1,1,0,5,6,6,6,4,4,4,3,"Yellow","Yes","",""
"6",263,21,"small","true","Y","375x547","Mozilla/5.0 (iPhone; CPU iPhone OS 17_0_3 like Mac OS X) AppleWebKit/605.1.15 (KHTML, like Gecko) Version/17.0.1 Mobile/15E148 Safari/604.1",50,"woman","This is the button for a hamburger menu, which opens after you click on it.",NA,"bottomBar",20807,1,4,0,19274,1,2,0,5,5,5,5,6,7,7,7,"hamTop",35192,1,2,0,10698,1,1,0,6,7,6,7,5,5,5,4,"Yellow","Yes","","N/A"
"7",264,21,"big","true","Y","412x678","Mozilla/5.0 (Linux; Android 10; SAMSUNG SM-G965U1) AppleWebKit/537.36 (KHTML, like Gecko) SamsungBrowser/23.0 Chrome/115.0.0.0 Mobile Safari/537.36",31,"man","This is the button for a hamburger menu, which opens after you click on it.",NA,"bottomBar",44978,1,24,0,49318.4000000358,1,21,0,2,2,4,4,4,4,3,4,"hamTop",13279.5999999642,1,2,0,12757.8000000119,1,1,0,5,5,5,5,4,5,4,4,"Yellow","Yes","",""
"8",265,21,"small","true","Y","414x710","Mozilla/5.0 (iPhone; CPU iPhone OS 17_1 like Mac OS X) AppleWebKit/605.1.15 (KHTML, like Gecko) GSA/290.1.581873948 Mobile/15E148 Safari/604.1",35,"man","This is the button for a hamburger menu, which opens after you click on it.",NA,"hamTop",30936,1,3,0,16131,1,4,0,5,6,6,5,6,6,6,6,"bottomBar",26792,1,3,0,17838,1,3,0,6,6,6,6,5,4,4,4,"Yellow","Yes","",""
"9",269,21,"small","true","Y","384x689","Mozilla/5.0 (Linux; Android 10; K) AppleWebKit/537.36 (KHTML, like Gecko) Chrome/119.0.0.0 Mobile Safari/537.36",48,"man","This is the button for a hamburger menu, which opens after you click on it.",NA,"bottomBar",19344.2999999998,1,4,0,27242,1,4,0,5,6,4,4,5,6,7,7,"hamTop",15139.4000000004,1,1,0,29745.1999999993,1,2,0,6,6,7,7,5,5,2,3,"Yellow","Yes","",""
"10",271,21,"small","true","Y","412x786","Mozilla/5.0 (Linux; Android 10; K) AppleWebKit/537.36 (KHTML, like Gecko) Chrome/119.0.0.0 Mobile Safari/537.36",40,"woman","This is the button for a hamburger menu, which opens after you click on it.",NA,"bottomBar",17390.5,1,3,0,14000.8000000007,1,1,0,6,7,7,7,6,7,7,6,"hamTop",18096.8999999985,1,2,0,11607,1,1,0,6,4,7,7,5,7,5,7,"Yellow","Yes","","I thought this was unique and fun"
"11",273,21,"small","true","Y","428x744","Mozilla/5.0 (iPhone; CPU iPhone OS 17_1_1 like Mac OS X) AppleWebKit/605.1.15 (KHTML, like Gecko) Version/17.1.1 Mobile/15E148 Safari/604.1",32,"man","This is the button for a hamburger menu, which opens after you click on it.",NA,"bottomBar",18898,1,4,0,22066,1,3,1,6,6,7,7,6,7,7,7,"hamTop",16624,1,2,0,26928,1,1,0,5,7,7,5,5,5,6,5,"Yellow","Yes","",""
"12",275,21,"small","true","Y","414x713","Mozilla/5.0 (iPhone; CPU iPhone OS 15_6 like Mac OS X) AppleWebKit/605.1.15 (KHTML, like Gecko) Version/15.6 Mobile/15E148 Safari/604.1",22,"man","This button will end the experiement.",NA,"bottomBar",11451,1,1,0,25125,1,4,0,6,5,7,6,4,6,6,5,"hamTop",9258,1,1,0,27868,1,2,0,5,5,6,4,7,6,6,6,"Yellow","Yes","","Was very eye catching and made me want to pay attention "
"13",276,21,"big","true","Y","375x548","Mozilla/5.0 (iPhone; CPU iPhone OS 16_6_1 like Mac OS X) AppleWebKit/605.1.15 (KHTML, like Gecko) Version/16.6 Mobile/15E148 Safari/604.1",30,"man","This is the button for a hamburger menu, which opens after you click on it.",NA,"bottomBar",41353,1,11,0,42769,1,12,0,6,6,6,5,6,6,6,6,"hamTop",20568,1,3,0,53062,1,3,0,6,5,6,6,5,6,5,5,"Yellow","Yes","",""
"14",277,21,"small","true","Y","360x718","Mozilla/5.0 (Linux; Android 10; K) AppleWebKit/537.36 (KHTML, like Gecko) Chrome/119.0.0.0 Mobile Safari/537.36",24,"man","This is the button for a hamburger menu, which opens after you click on it.",NA,"hamTop",17059.1,1,4,0,17514.6,1,1,0,5,6,6,5,6,6,7,6,"bottomBar",10691.9,1,2,0,12378.1,1,2,0,6,7,6,6,7,6,6,6,"Yellow","Yes","","None at this time, thank you."
"15",278,21,"big","true","Y","393x698","Mozilla/5.0 (Linux; Android 10; K) AppleWebKit/537.36 (KHTML, like Gecko) Chrome/119.0.0.0 Mobile Safari/537.36",41,"man","This is the button for a hamburger menu, which opens after you click on it.",NA,"hamTop",37079,1,5,1,62580.6999999881,1,6,0,5,5,3,3,5,5,5,5,"bottomBar",48800.5,1,12,0,15364.8999999762,1,2,0,5,3,5,5,5,5,6,6,"Yellow","Yes","",""
"16",280,21,"big","true","Y","432x836","Mozilla/5.0 (Linux; Android 10; K) AppleWebKit/537.36 (KHTML, like Gecko) Chrome/119.0.0.0 Mobile Safari/537.36",44,"man","This is the button for a hamburger menu, which opens after you click on it.",NA,"hamTop",99851.8999999762,1,13,0,20495.8000000119,1,6,0,6,6,2,5,6,2,6,6,"bottomBar",26057.6000000238,1,8,0,11334.3000000119,1,2,0,6,2,6,7,6,6,6,6,"Yellow","Yes","",""
"17",281,21,"small","true","Y","414x714","Mozilla/5.0 (iPhone; CPU iPhone OS 17_1_1 like Mac OS X) AppleWebKit/605.1.15 (KHTML, like Gecko) Version/17.1.1 Mobile/15E148 Safari/604.1",60,"woman","This is the button for a hamburger menu, which opens after you click on it.",NA,"bottomBar",11932,1,1,0,44270,1,4,0,4,4,4,4,4,7,7,7,"hamTop",14524,1,2,0,31123,1,1,0,4,7,7,7,4,4,4,4,"Yellow","Yes","",""
"18",282,21,"big","true","Y","412x747","Mozilla/5.0 (Linux; Android 10; K) AppleWebKit/537.36 (KHTML, like Gecko) Chrome/119.0.0.0 Mobile Safari/537.36",43,"woman","This is the button for a hamburger menu, which opens after you click on it.",NA,"hamTop",10491,1,1,0,41896.3999999762,1,7,0,7,7,7,6,7,7,7,7,"bottomBar",20084.5,1,10,0,70783.6999999881,1,44,0,6,6,5,7,6,7,7,6,"Yellow","Yes","","This was a fun and interesting survey"
"19",283,21,"small","true","Y","375x640","Mozilla/5.0 (iPhone; CPU iPhone OS 16_6 like Mac OS X) AppleWebKit/605.1.15 (KHTML, like Gecko) CriOS/119.0.6045.169 Mobile/15E148 Safari/604.1",36,"man","This is the button for a hamburger menu, which opens after you click on it.",NA,"bottomBar",19023,1,1,0,10625,1,1,0,5,5,7,5,6,5,6,6,"hamTop",12199,1,1,0,17579,1,1,0,4,3,3,2,2,3,1,2,"Yellow","Yes","","In my opinion - the first navigation layout with the different options like Alkali Metals, Halogens etc. at the bottom of the screen - was much more easier and pleasant to use, compared to the options buried inside the hamburger menu which was not intuitive "
"20",284,21,"big","true","Y","375x629","Mozilla/5.0 (iPhone; CPU iPhone OS 16_3_1 like Mac OS X) AppleWebKit/605.1.15 (KHTML, like Gecko) Version/16.3 Mobile/15E148 Safari/604.1",30,"man","This is the button for a hamburger menu, which opens after you click on it.",NA,"bottomBar",28253,1,8,0,12786,1,2,0,1,2,1,1,3,1,1,2,"hamTop",16000,1,2,0,12078,1,1,0,5,5,4,5,5,4,4,5,"Yellow","Yes","",""
"21",286,21,"big","true","Y","414x710","Mozilla/5.0 (iPhone; CPU iPhone OS 17_1_1 like Mac OS X) AppleWebKit/605.1.15 (KHTML, like Gecko) Version/17.1.1 Mobile/15E148 Safari/604.1",46,"woman","This is the button for a hamburger menu, which opens after you click on it.",NA,"hamTop",25595,1,1,0,100006,0,22,3,4,4,3,4,3,3,4,3,"bottomBar",34973,1,12,0,35015,1,9,0,4,3,5,4,5,6,5,4,"Yellow","Yes","",""
"22",287,21,"small","true","Y","390x661","Mozilla/5.0 (iPhone; CPU iPhone OS 17_1 like Mac OS X) AppleWebKit/605.1.15 (KHTML, like Gecko) CriOS/119.0.6045.169 Mobile/15E148 Safari/604.1",53,"man","This is the button for a hamburger menu, which opens after you click on it.",NA,"bottomBar",21233,1,4,0,17859,1,2,0,4,4,4,4,4,4,4,4,"hamTop",12470,1,1,0,29038,1,1,0,7,7,7,7,4,4,1,1,"Yellow","Yes","",""
"23",288,21,"big","true","Y","412x681","Mozilla/5.0 (Linux; Android 10; K) AppleWebKit/537.36 (KHTML, like Gecko) Chrome/119.0.0.0 Mobile Safari/537.36",23,"man","This is the button for a hamburger menu, which opens after you click on it.",NA,"bottomBar",28414,1,16,0,26448,1,16,0,4,6,7,4,2,3,1,2,"hamTop",38529,1,6,0,18286,1,5,0,6,7,5,7,4,6,5,3,"Yellow","Yes","",""
"24",291,21,"small","true","Y","412x780","Mozilla/5.0 (Linux; Android 10; K) AppleWebKit/537.36 (KHTML, like Gecko) Chrome/119.0.0.0 Mobile Safari/537.36",29,"man","This is the button for a hamburger menu, which opens after you click on it.",NA,"hamTop",11880.4000000954,1,1,0,9524.90000009537,1,1,0,3,2,1,1,3,4,2,5,"bottomBar",19628.3999998569,1,2,0,9377.39999985695,1,1,0,5,6,6,6,3,3,2,1,"Yellow","Yes","",""
"25",292,21,"big","true","Y","412x787","Mozilla/5.0 (Linux; Android 10; K) AppleWebKit/537.36 (KHTML, like Gecko) Chrome/119.0.0.0 Mobile Safari/537.36",36,"woman","This is the button for a hamburger menu, which opens after you click on it.",NA,"hamTop",59042,1,10,0,12463.299999997,1,1,0,6,6,6,5,6,4,5,5,"bottomBar",36387.099999994,1,11,0,10350.799999997,1,2,0,6,4,6,5,6,6,6,6,"Yellow","Yes","",""
"26",293,21,"small","true","Y","375x643","Mozilla/5.0 (iPhone; CPU iPhone OS 17_1 like Mac OS X) AppleWebKit/605.1.15 (KHTML, like Gecko) CriOS/119.0.6045.169 Mobile/15E148 Safari/604.1",48,"woman","This is the button for a hamburger menu, which opens after you click on it.",NA,"hamTop",27150,1,4,0,55026,1,4,0,5,6,7,6,6,7,7,7,"bottomBar",60760,1,4,0,14351,1,1,0,7,7,6,7,7,6,6,6,"Yellow","Yes","",""
"27",294,21,"big","true","Y","360x644","Mozilla/5.0 (Linux; Android 10; K) AppleWebKit/537.36 (KHTML, like Gecko) Chrome/119.0.0.0 Mobile Safari/537.36",25,"man","This is the button for a hamburger menu, which opens after you click on it.",NA,"bottomBar",20002.5,1,5,0,22515.7000000477,1,14,0,5,6,5,5,3,6,7,5,"hamTop",21089.3000000715,1,3,0,26855,1,1,0,5,7,7,5,5,4,2,2,"Yellow","Yes","",""
"28",295,21,"small","true","Y","375x631","Mozilla/5.0 (iPhone; CPU iPhone OS 17_0_3 like Mac OS X) AppleWebKit/605.1.15 (KHTML, like Gecko) Version/17.0.1 Mobile/15E148 Safari/604.1",51,"man","This is the button for a hamburger menu, which opens after you click on it.",NA,"hamTop",21043,1,3,0,32030,1,2,0,4,4,3,3,4,5,3,7,"bottomBar",24104,1,1,0,18557,1,1,0,4,6,6,7,4,4,1,1,"Yellow","Yes","",""
"29",296,21,"big","true","Y","390x664","Mozilla/5.0 (iPhone; CPU iPhone OS 16_6_1 like Mac OS X) AppleWebKit/605.1.15 (KHTML, like Gecko) Version/16.6 Mobile/15E148 Safari/604.1",34,"man","This is the button for a hamburger menu, which opens after you click on it.",NA,"hamTop",17711,1,1,0,43294,1,9,0,5,5,6,6,5,6,6,6,"bottomBar",66547,1,22,0,39084,1,20,0,5,6,5,6,5,5,6,6,"Yellow","Yes","","None"
"30",297,21,"small","true","Y","375x647","Mozilla/5.0 (iPhone; CPU iPhone OS 15_7 like Mac OS X) AppleWebKit/605.1.15 (KHTML, like Gecko) CriOS/119.0.6045.169 Mobile/15E148 Safari/604.1",32,"man","This is the button for a hamburger menu, which opens after you click on it.",NA,"hamTop",30935,1,3,0,9735,1,1,0,4,4,1,1,2,3,1,3,"bottomBar",20117,1,1,0,11988,1,1,0,6,6,7,6,5,5,6,6,"Yellow","Yes","",""
"31",298,21,"big","true","Y","390x669","Mozilla/5.0 (iPhone; CPU iPhone OS 17_1 like Mac OS X) AppleWebKit/605.1.15 (KHTML, like Gecko) CriOS/119.0.6045.169 Mobile/15E148 Safari/604.1",25,"woman","This is the button for a hamburger menu, which opens after you click on it.",NA,"bottomBar",42410,1,14,0,37094,1,19,0,5,4,5,5,5,6,6,6,"hamTop",48798,1,6,0,34426,1,1,0,4,5,6,5,2,1,1,1,"Yellow","Yes","","The only technical issue was when the wizard emoji stated he wanted to build a custom battery in the beginning, the words got jumbled when trying to read what he wanted. "
"32",299,21,"small","true","Y","360x650","Mozilla/5.0 (Linux; Android 10; K) AppleWebKit/537.36 (KHTML, like Gecko) Chrome/118.0.0.0 Mobile Safari/537.36",30,"woman","This is the button for a hamburger menu, which opens after you click on it.",NA,"hamTop",15388.599999994,1,3,0,24795.8000000119,1,4,0,6,4,2,3,4,4,2,4,"bottomBar",10203.5,1,2,0,32923.1999999881,1,2,0,6,6,6,6,6,6,6,6,"Yellow","Yes","",""
"33",301,21,"small","true","Y","390x661","Mozilla/5.0 (iPhone; CPU iPhone OS 17_1_1 like Mac OS X) AppleWebKit/605.1.15 (KHTML, like Gecko) Version/17.1.1 Mobile/15E148 Safari/604.1",21,"woman","This is the button for a hamburger menu, which opens after you click on it.",NA,"bottomBar",13871,1,1,0,18673,1,3,0,5,6,3,3,5,6,6,7,"hamTop",10264,1,2,0,15183,1,1,0,3,5,5,5,3,3,2,3,"Yellow","Yes","","The first option was better and more clear with the options at the bottom. "
"34",302,21,"big","true","Y","384x718","Mozilla/5.0 (Linux; Android 10; K) AppleWebKit/537.36 (KHTML, like Gecko) Chrome/119.0.0.0 Mobile Safari/537.36",41,"woman","This is the button for a hamburger menu, which opens after you click on it.",NA,"bottomBar",74309.400000006,1,33,0,66363.599999994,1,23,0,4,6,5,4,4,3,4,3,"hamTop",59689.2999999821,1,9,0,74449.2999999821,1,6,0,4,5,4,3,3,5,4,3,"Yellow","Yes","",""
"35",305,21,"small","true","Y","408x598","Mozilla/5.0 (Android 6.0.1; Mobile; rv:109.0) Gecko/119.0 Firefox/119.0",44,"man","This is the button for a hamburger menu, which opens after you click on it.",NA,"bottomBar",27113,1,5,0,47869,1,7,0,7,6,7,7,7,7,7,7,"hamTop",41098,1,2,0,70557,1,4,0,4,6,6,6,2,1,2,1,"Yellow","Yes","",""
"36",306,21,"big","true","Y","412x757","Mozilla/5.0 (Linux; Android 10; K) AppleWebKit/537.36 (KHTML, like Gecko) Chrome/119.0.0.0 Mobile Safari/537.36",40,"man","This is the button for a hamburger menu, which opens after you click on it.",NA,"bottomBar",55472.2000000477,1,39,0,62759.1000001431,1,27,0,4,4,4,4,1,1,1,1,"hamTop",15023.5,1,3,0,27735.3999998569,1,1,0,4,2,1,2,4,4,4,4,"Yellow","Yes","","The navigation sucks.  There should be a search button."
"37",307,21,"small","true","Y","432x820","Mozilla/5.0 (Linux; Android 10; K) AppleWebKit/537.36 (KHTML, like Gecko) Chrome/119.0.0.0 Mobile Safari/537.36",30,"man","This is the button for a hamburger menu, which opens after you click on it.",NA,"bottomBar",26535.1999999881,1,5,0,19522.5,1,4,0,3,3,1,2,6,7,6,7,"hamTop",9438.19999998808,1,1,0,13446.5999999642,1,1,0,2,3,1,4,3,4,4,3,"Yellow","Yes","",""
"38",308,21,"big","true","Y","384x723","Mozilla/5.0 (Linux; Android 10; K) AppleWebKit/537.36 (KHTML, like Gecko) Chrome/119.0.0.0 Mobile Safari/537.36",31,"woman","This is the button for a hamburger menu, which opens after you click on it.",NA,"bottomBar",23137.4000000004,1,4,0,69652.5,1,24,0,4,1,4,4,1,2,3,1,"hamTop",50179.9000000004,1,3,0,20267.2000000011,1,1,0,6,7,6,6,6,6,4,4,"Yellow","Yes","",""
"39",309,21,"small","true","Y","375x553","Mozilla/5.0 (iPhone; CPU iPhone OS 17_1 like Mac OS X) AppleWebKit/605.1.15 (KHTML, like Gecko) CriOS/109.0.5414.83 Mobile/15E148 Safari/604.1",29,"woman","This is the button for a hamburger menu, which opens after you click on it.",NA,"hamTop",20936,1,4,0,32830,1,2,0,3,3,3,3,4,5,2,4,"bottomBar",11839,1,2,0,13663,1,4,0,2,4,2,3,2,2,2,2,"Yellow","Yes","",""
"40",310,21,"big","true","Y","339x605","Mozilla/5.0 (Linux; Android 10; K) AppleWebKit/537.36 (KHTML, like Gecko) Chrome/119.0.0.0 Mobile Safari/537.36",60,"woman","This is the button for a hamburger menu, which opens after you click on it.",NA,"bottomBar",42501.3999998569,1,20,0,76005.5,1,21,0,4,4,1,1,4,2,1,1,"hamTop",36433.2999999523,1,3,0,55249.5999999046,1,3,0,4,1,1,1,4,2,1,1,"Yellow","Yes","",""
"41",311,21,"small","true","Y","360x745","Mozilla/5.0 (Linux; Android 10; K) AppleWebKit/537.36 (KHTML, like Gecko) Chrome/119.0.0.0 Mobile Safari/537.36",41,"woman","This is the button for a hamburger menu, which opens after you click on it.",NA,"hamTop",26155,1,3,0,18882.099999994,1,4,0,3,3,1,1,3,5,3,7,"bottomBar",15846,1,2,0,28253.900000006,1,3,0,7,7,7,7,5,5,6,6,"Yellow","Yes","",""
"42",313,21,"small","true","Y","358x683","Mozilla/5.0 (Linux; Android 10; K) AppleWebKit/537.36 (KHTML, like Gecko) Chrome/119.0.0.0 Mobile Safari/537.36",62,"woman","This is the button for a hamburger menu, which opens after you click on it.",NA,"hamTop",20409.8000000045,1,4,0,29390.8999999985,1,4,0,5,6,5,6,7,7,7,7,"bottomBar",15045.3999999985,1,2,0,10352.799999997,1,2,0,6,6,7,7,6,7,5,5,"Yellow","Yes","",""
"43",317,21,"small","true","Y","390x664","Mozilla/5.0 (iPhone; CPU iPhone OS 16_6_1 like Mac OS X) AppleWebKit/605.1.15 (KHTML, like Gecko) Version/16.6 Mobile/15E148 Safari/604.1",36,"woman","This is the button for a hamburger menu, which opens after you click on it.",NA,"bottomBar",16511,1,4,0,10479,1,1,0,6,7,7,6,7,7,7,7,"hamTop",9287,1,1,0,29057,1,2,0,7,7,7,7,6,7,7,6,"Yellow","Yes","","This was fun"
"44",318,21,"big","true","Y","412x762","Mozilla/5.0 (Linux; Android 10; K) AppleWebKit/537.36 (KHTML, like Gecko) Chrome/119.0.0.0 Mobile Safari/537.36",41,"woman","This is the button for a hamburger menu, which opens after you click on it.",NA,"bottomBar",35302.7999999523,1,8,0,98085.5,1,61,0,3,3,4,3,2,2,2,2,"hamTop",33630,1,2,0,32297.7000000477,1,5,0,3,2,3,3,4,5,6,5,"Yellow","Yes","","It was interesting, but for those of us not very familiar with the elements it ended up being trial and error."
"45",319,21,"small","true","Y","375x631","Mozilla/5.0 (iPhone; CPU iPhone OS 16_4_1 like Mac OS X) AppleWebKit/605.1.15 (KHTML, like Gecko) Version/16.4 Mobile/15E148 Safari/604.1",42,"woman","This is the button for a hamburger menu, which opens after you click on it.",NA,"bottomBar",16145,1,4,0,15800,1,4,0,4,4,5,4,7,7,7,7,"hamTop",10742,1,1,0,31191,1,2,0,3,3,3,3,2,4,4,4,"Yellow","Yes","",""
"46",320,21,"big","true","Y","390x663","Mozilla/5.0 (iPhone; CPU iPhone OS 17_1_1 like Mac OS X) AppleWebKit/605.1.15 (KHTML, like Gecko) Version/17.1.1 Mobile/15E148 Safari/604.1",33,"woman","This is the button for a hamburger menu, which opens after you click on it.",NA,"bottomBar",80516,1,20,0,14913,1,3,0,7,7,5,5,7,6,7,7,"hamTop",22510,1,3,0,37872,1,1,0,7,7,7,7,7,7,1,1,"Yellow","Yes","",""
"47",321,21,"small","true","Y","427x770","Mozilla/5.0 (Linux; Android 10; K) AppleWebKit/537.36 (KHTML, like Gecko) Chrome/119.0.0.0 Mobile Safari/537.36",46,"man","This is the button for a hamburger menu, which opens after you click on it.",NA,"hamTop",21383.2000000477,1,1,0,17405.7000000477,1,4,0,4,4,2,2,6,7,7,7,"bottomBar",11682.2999999523,1,2,0,12312.2999999523,1,1,0,6,7,7,7,4,4,2,2,"Yellow","Yes","",""
"48",323,21,"small","true","Y","375x628","Mozilla/5.0 (iPhone; CPU iPhone OS 16_6_1 like Mac OS X) AppleWebKit/605.1.15 (KHTML, like Gecko) Version/16.6 Mobile/15E148 Safari/604.1",33,"man","This is the button for a hamburger menu, which opens after you click on it.",NA,"bottomBar",21017,1,6,0,22916,1,4,0,4,3,4,3,5,4,5,4,"hamTop",8504,1,1,0,19525,1,3,0,2,3,1,3,3,4,3,3,"Yellow","Yes","",""
"49",324,21,"big","true","Y","390x663","Mozilla/5.0 (iPhone; CPU iPhone OS 16_6_1 like Mac OS X) AppleWebKit/605.1.15 (KHTML, like Gecko) Version/16.6 Mobile/15E148 Safari/604.1",67,"woman","This is the button for a hamburger menu, which opens after you click on it.",NA,"hamTop",34665,1,1,0,28777,1,6,0,3,2,2,3,1,1,1,2,"bottomBar",12497,1,2,0,68984,1,11,0,7,6,3,3,4,5,3,3,"Yellow","Yes","",""
"50",326,21,"big","true","Y","320x444","Mozilla/5.0 (iPhone; CPU iPhone OS 16_6 like Mac OS X) AppleWebKit/605.1.15 (KHTML, like Gecko) Version/16.6 Mobile/15E148 Safari/604.1",60,"man","This is the button for a hamburger menu, which opens after you click on it.",NA,"bottomBar",54579,1,16,0,76205,1,17,0,5,6,6,6,7,7,7,7,"hamTop",24002,1,1,0,60812,1,2,0,6,6,6,6,4,6,5,4,"Yellow","Yes","","The second menu was easier and faster to work with."
"51",328,21,"big","true","Y","390x660","Mozilla/5.0 (iPhone; CPU iPhone OS 17_1_1 like Mac OS X) AppleWebKit/605.1.15 (KHTML, like Gecko) Version/17.1.1 Mobile/15E148 Safari/604.1",46,"man","This is the button for a hamburger menu, which opens after you click on it.",NA,"hamTop",91051,1,12,0,56555,1,14,0,1,1,1,1,1,1,1,1,"bottomBar",22832,1,8,0,35208,1,19,0,1,1,1,1,1,1,1,3,"Yellow","Yes","",""
"52",329,21,"small","true","Y","390x664","Mozilla/5.0 (iPhone; CPU iPhone OS 16_3_1 like Mac OS X) AppleWebKit/605.1.15 (KHTML, like Gecko) Version/16.3 Mobile/15E148 Safari/604.1",24,"woman","This is the button for a hamburger menu, which opens after you click on it.",NA,"bottomBar",15264,1,3,0,9293,1,1,0,5,5,5,4,5,6,6,5,"hamTop",106912,0,0,0,28019,1,3,0,3,4,6,5,4,4,5,4,"Yellow","Yes","",""
"53",330,21,"big","true","Y","390x664","Mozilla/5.0 (iPhone; CPU iPhone OS 16_6_1 like Mac OS X) AppleWebKit/605.1.15 (KHTML, like Gecko) Version/16.6 Mobile/15E148 Safari/604.1",36,"woman","This is the button for a hamburger menu, which opens after you click on it.",NA,"hamTop",66515,1,12,0,21136,1,6,0,5,5,5,4,4,3,5,3,"bottomBar",28329,1,8,0,45880,1,23,0,7,7,7,7,7,7,7,7,"Yellow","Yes","","This was awesome. The first one was so cool. I liked how the navigation was easy. Is this going to be a game? I wanna play it!"
"54",331,21,"small","true","Y","390x665","Mozilla/5.0 (iPhone; CPU iPhone OS 17_2 like Mac OS X) AppleWebKit/605.1.15 (KHTML, like Gecko) CriOS/119.0.6045.169 Mobile/15E148 Safari/604.1",25,"man","This button will end the experiement.",NA,"bottomBar",10484,1,1,0,18712,1,1,0,6,7,6,6,6,7,7,7,"hamTop",30508,1,2,0,14008,1,1,0,6,7,7,7,6,6,5,5,"Yellow","Yes","","I mistakenly chose the wrong answer in the beginning "
"55",334,21,"big","true","Y","390x663","Mozilla/5.0 (iPhone; CPU iPhone OS 17_1_1 like Mac OS X) AppleWebKit/605.1.15 (KHTML, like Gecko) Version/17.1.1 Mobile/15E148 Safari/604.1",36,"woman","This is the button for a hamburger menu, which opens after you click on it.",NA,"hamTop",11677,1,1,0,28368,1,7,0,3,2,2,1,3,2,3,2,"bottomBar",26196,1,8,0,19798,1,8,0,3,3,3,2,4,4,2,2,"Yellow","Yes","",""
"56",335,21,"small","true","Y","412x759","Mozilla/5.0 (Linux; Android 10; K) AppleWebKit/537.36 (KHTML, like Gecko) Chrome/119.0.0.0 Mobile Safari/537.36",33,"man","This is the button for a hamburger menu, which opens after you click on it.",NA,"hamTop",26134.200000003,1,4,0,18135.299999997,1,4,0,4,4,4,3,3,4,4,5,"bottomBar",17343.799999997,1,1,0,15674.099999994,1,2,0,5,5,5,6,4,4,4,3,"Yellow","Yes","",""
"57",336,21,"big","true","Y","246x433","Mozilla/5.0 (Linux; Android 10; K) AppleWebKit/537.36 (KHTML, like Gecko) Chrome/119.0.0.0 Mobile Safari/537.36",55,"woman","This is the button for a hamburger menu, which opens after you click on it.",NA,"bottomBar",12205.1,1,2,0,100002.3,0,13,0,5,5,5,5,4,3,4,3,"hamTop",25209,1,3,0,10370.5,1,1,0,5,4,5,4,5,4,5,4,"Yellow","Yes","","I was not sure how to proceed to look for the first material laminate - Flouridine - at first. And I liked the first navigation better (being on the bottom instead of opening on the side). It would be helpful to have on the first screen, a header for the sections at the bottom of the screen - which would indicate that the choices for purchase are located there."
"58",338,21,"big","true","Y","390x657","Mozilla/5.0 (iPhone; CPU iPhone OS 16_6 like Mac OS X) AppleWebKit/605.1.15 (KHTML, like Gecko) CriOS/119.0.6045.169 Mobile/15E148 Safari/604.1",35,"woman","This is the button for a hamburger menu, which opens after you click on it.",NA,"hamTop",99103,1,14,0,26853,1,7,0,1,1,1,1,3,2,1,2,"bottomBar",26446,1,8,0,35065,1,19,0,1,1,1,4,4,4,5,4,"Yellow","Yes","",""
"59",339,21,"small","true","Y","375x634","Mozilla/5.0 (iPhone; CPU iPhone OS 17_1_1 like Mac OS X) AppleWebKit/605.1.15 (KHTML, like Gecko) Version/17.1.1 Mobile/15E148 Safari/604.1",34,"man","This is the Logo of the website.",NA,"hamTop",20974,1,1,0,100002,0,0,0,6,5,4,5,4,5,5,4,"bottomBar",8867,1,1,0,15226,1,4,0,6,4,5,5,5,5,4,5,"Yellow","Yes","",""
"60",340,21,"big","true","Y","412x827","Mozilla/5.0 (Linux; Android 10; K) AppleWebKit/537.36 (KHTML, like Gecko) Chrome/119.0.0.0 Mobile Safari/537.36",24,"man","This is the button for a hamburger menu, which opens after you click on it.",NA,"bottomBar",44591,1,21,0,14467,1,5,0,7,7,2,2,6,7,7,7,"hamTop",31173.6000000238,1,6,0,9772.60000002384,1,1,0,5,5,7,6,5,5,2,2,"Yellow","Yes","",""
"61",341,21,"small","true","Y","428x746","Mozilla/5.0 (iPhone; CPU iPhone OS 16_6_1 like Mac OS X) AppleWebKit/605.1.15 (KHTML, like Gecko) Version/16.6 Mobile/15E148 Safari/604.1",19,"man","This is the button for a hamburger menu, which opens after you click on it.",NA,"hamTop",36910,1,6,0,25800,1,1,0,3,4,2,2,3,3,3,4,"bottomBar",17712,1,2,0,9896,1,1,0,4,6,6,6,4,4,4,4,"Yellow","No","",""
"62",342,21,"big","true","Y","375x629","Mozilla/5.0 (iPhone; CPU iPhone OS 17_1_1 like Mac OS X) AppleWebKit/605.1.15 (KHTML, like Gecko) Version/17.1.1 Mobile/15E148 Safari/604.1",34,"man","This is the button for a hamburger menu, which opens after you click on it.",NA,"bottomBar",50502,1,18,0,23813,1,10,0,6,6,7,7,7,7,7,7,"hamTop",30461,1,2,0,33200,1,1,0,6,2,2,2,2,3,1,1,"Yellow","Yes","","My only insecurity was my lack of knowledge working in the periodic table. That being said the second navigation style made it faster and easier for me to find those ingredients."
"63",343,21,"small","true","Y","390x663","Mozilla/5.0 (iPhone; CPU iPhone OS 17_1_1 like Mac OS X) AppleWebKit/605.1.15 (KHTML, like Gecko) Version/17.1.1 Mobile/15E148 Safari/604.1",32,"woman","This is the button for a hamburger menu, which opens after you click on it.",NA,"bottomBar",9524,1,1,0,11185,1,2,0,7,6,6,6,7,7,7,7,"hamTop",12366,1,2,0,10425,1,1,0,6,6,6,6,7,6,6,6,"Yellow","Yes","",""
"64",344,21,"big","true","Y","360x710","Mozilla/5.0 (Linux; Android 10; K) AppleWebKit/537.36 (KHTML, like Gecko) Chrome/119.0.0.0 Mobile Safari/537.36",27,"man","This button will end the experiement.",NA,"bottomBar",22075.5000000002,1,8,0,17084.5,1,4,0,4,6,6,5,5,5,6,4,"hamTop",41808.8,1,4,0,10923.8,1,1,0,4,3,3,3,4,6,6,5,"Yellow","Yes","",""
"65",345,21,"small","true","Y","384x762","Mozilla/5.0 (Linux; Android 10; K) AppleWebKit/537.36 (KHTML, like Gecko) Chrome/119.0.0.0 Mobile Safari/537.36",31,"man","This is the button for a hamburger menu, which opens after you click on it.",NA,"hamTop",67764.0999999046,1,1,0,32810.5,1,4,0,4,4,1,1,7,7,7,7,"bottomBar",12237.4000000954,1,2,0,24610.9000000954,1,5,0,7,7,7,7,4,4,1,1,"Yellow","Yes","",""
"66",350,21,"big","true","Y","375x700","Mozilla/5.0 (Linux; Android 10; K) AppleWebKit/537.36 (KHTML, like Gecko) Chrome/119.0.0.0 Mobile Safari/537.36",27,"man","This is the button for a hamburger menu, which opens after you click on it.",NA,"bottomBar",29881.8000000119,1,13,0,14243.9000000358,1,4,0,4,5,6,5,5,5,5,4,"hamTop",23943.8000000119,1,3,0,8469.09999996424,1,1,0,3,2,3,2,4,3,6,5,"Yellow","Yes","",""
"67",351,21,"small","true","Y","393x722","Mozilla/5.0 (Linux; Android 10; K) AppleWebKit/537.36 (KHTML, like Gecko) Chrome/119.0.0.0 Mobile Safari/537.36",28,"woman","This is the button for a hamburger menu, which opens after you click on it.",NA,"hamTop",23865.3,1,1,0,20675.8,1,5,0,4,3,1,1,3,6,6,7,"bottomBar",28149.8999999999,1,1,0,17383,1,2,0,7,7,7,7,4,5,7,7,"Yellow","Yes","",""
"68",352,21,"big","true","Y","414x724","Mozilla/5.0 (iPhone; CPU iPhone OS 17_1 like Mac OS X) AppleWebKit/605.1.15 (KHTML, like Gecko) CriOS/119.0.6045.169 Mobile/15E148 Safari/604.1",33,"woman","This is the button for a hamburger menu, which opens after you click on it.",NA,"bottomBar",29312,1,2,0,36863,1,10,0,7,7,7,7,7,7,7,7,"hamTop",39945,1,4,0,12488,1,1,0,7,7,7,7,7,7,6,6,"Yellow","Yes","",""
"69",353,21,"small","true","Y","390x669","Mozilla/5.0 (iPhone; CPU iPhone OS 16_6 like Mac OS X) AppleWebKit/605.1.15 (KHTML, like Gecko) CriOS/119.0.6045.169 Mobile/15E148 Safari/604.1",30,"not-disclosed","This is the button for a hamburger menu, which opens after you click on it.",NA,"hamTop",21240,1,1,0,15911,1,3,0,1,1,3,3,1,1,1,1,"bottomBar",11366,1,1,0,19178,1,3,0,1,1,1,1,1,1,5,3,"Yellow","Yes","",""
"70",354,21,"big","true","Y","271x513","Mozilla/5.0 (Linux; Android 10; K) AppleWebKit/537.36 (KHTML, like Gecko) Chrome/119.0.0.0 Mobile Safari/537.36",49,"man","This is the button for a hamburger menu, which opens after you click on it.",NA,"hamTop",35852.7000000477,1,4,0,59149.3999999762,1,3,0,5,4,4,4,6,6,6,6,"bottomBar",24039,1,4,0,18016.1000000238,1,2,0,6,6,6,6,6,6,6,5,"Yellow","Yes","",""
"71",355,21,"small","true","Y","360x649","Mozilla/5.0 (Linux; Android 10; K) AppleWebKit/537.36 (KHTML, like Gecko) Chrome/119.0.0.0 Mobile Safari/537.36",26,"man","This is the button for a hamburger menu, which opens after you click on it.",NA,"hamTop",19619.7000000477,1,2,0,26476.5,1,7,0,3,1,1,2,1,3,1,4,"bottomBar",25532.8000001907,1,2,0,12430.9000000954,1,1,0,7,7,7,7,7,7,7,7,"Yellow","Yes","",""
"72",357,21,"small","true","Y","375x538","Mozilla/5.0 (iPhone; CPU iPhone OS 16_7_2 like Mac OS X) AppleWebKit/605.1.15 (KHTML, like Gecko) Version/16.6 Mobile/15E148 Safari/604.1",51,"woman","This is the button for a hamburger menu, which opens after you click on it.",NA,"hamTop",35072,1,3,0,48753,1,4,0,6,6,6,6,6,6,6,6,"bottomBar",52356,1,2,0,37828,1,4,0,6,6,6,6,5,5,5,5,"Yellow","Yes","","Thanks "
"73",359,21,"small","true","Y","393x659","Mozilla/5.0 (iPhone; CPU iPhone OS 17_1_1 like Mac OS X) AppleWebKit/605.1.15 (KHTML, like Gecko) Version/17.1.1 Mobile/15E148 Safari/604.1",23,"woman","This is the button for a hamburger menu, which opens after you click on it.",NA,"hamTop",25909,1,2,0,34923,1,4,0,7,5,6,6,6,7,7,7,"bottomBar",8313,1,1,0,16617,1,1,0,6,7,7,7,5,5,5,5,"Yellow","Yes","",""
"74",360,21,"big","true","Y","428x745","Mozilla/5.0 (iPhone; CPU iPhone OS 17_1_1 like Mac OS X) AppleWebKit/605.1.15 (KHTML, like Gecko) Version/17.1.1 Mobile/15E148 Safari/604.1",27,"woman","This is the button for a hamburger menu, which opens after you click on it.",NA,"hamTop",10563,1,1,0,43224,1,7,0,6,6,6,7,7,7,7,7,"bottomBar",39740,1,10,0,37684,1,20,0,7,7,7,7,5,5,6,6,"Yellow","Yes","",""
"75",362,21,"big","true","Y","390x664","Mozilla/5.0 (iPhone; CPU iPhone OS 16_1_2 like Mac OS X) AppleWebKit/605.1.15 (KHTML, like Gecko) Version/16.1 Mobile/15E148 Safari/604.1",22,"woman","This is nothing important and can be ignored.",NA,"hamTop",42753,1,13,0,37766,1,16,0,4,4,3,3,3,5,3,5,"bottomBar",30721,1,6,0,41713,1,26,0,4,3,2,4,4,4,5,4,"Yellow","Yes","",""
"76",363,21,"small","true","Y","374x656","Mozilla/5.0 (Linux; Android 10; K) AppleWebKit/537.36 (KHTML, like Gecko) Chrome/119.0.0.0 Mobile Safari/537.36",30,"non-binary","This is the button for a hamburger menu, which opens after you click on it.",NA,"hamTop",20546.099999994,1,3,0,15346.599999994,1,4,0,5,6,3,3,3,5,4,5,"bottomBar",11425.1999999881,1,1,0,22456.6999999881,1,2,0,6,5,6,6,6,7,5,5,"Yellow","Yes","",""
"77",364,21,"big","true","Y","384x723","Mozilla/5.0 (Linux; Android 10; K) AppleWebKit/537.36 (KHTML, like Gecko) Chrome/116.0.0.0 Mobile Safari/537.36",43,"woman","This is the button for a hamburger menu, which opens after you click on it.",NA,"bottomBar",26475.3999999762,1,18,0,33261.3999999762,1,17,0,2,2,2,2,4,2,2,3,"hamTop",13635,1,2,0,38490.8999999762,1,3,0,5,3,4,3,1,4,1,1,"Yellow","Yes","",""
"78",365,21,"small","true","Y","384x725","Mozilla/5.0 (Linux; Android 10; K) AppleWebKit/537.36 (KHTML, like Gecko) Chrome/119.0.0.0 Mobile Safari/537.36",53,"man","This is the button for a hamburger menu, which opens after you click on it.",NA,"hamTop",100002,0,2,0,78159.5,1,5,2,6,6,7,6,6,6,6,5,"bottomBar",12355,1,1,0,41296.5,1,5,0,6,6,6,6,6,6,6,6,"Yellow","Yes","",""
"79",366,21,"big","true","Y","375x667","Mozilla/5.0 (iPhone; CPU iPhone OS 14_4_2 like Mac OS X) AppleWebKit/605.1.15 (KHTML, like Gecko) Version/14.0.3 Mobile/15E148 Safari/604.1",51,"woman","This is the button for a hamburger menu, which opens after you click on it.",NA,"bottomBar",12500,1,2,0,52737,1,22,0,5,5,2,2,2,2,2,2,"hamTop",29571,1,3,0,77054,1,9,0,6,3,3,4,5,5,5,5,"Yellow","Yes","",""
"80",368,21,"big","true","Y","432x839","Mozilla/5.0 (Linux; Android 10; K) AppleWebKit/537.36 (KHTML, like Gecko) Chrome/119.0.0.0 Mobile Safari/537.36",29,"woman","This is the button for a hamburger menu, which opens after you click on it.",NA,"bottomBar",43011.4000000954,1,14,0,30282.4000000954,1,20,0,5,6,6,5,4,3,3,3,"hamTop",15922.2000000477,1,3,0,25740.8999998569,1,1,0,5,4,4,3,3,3,4,4,"Yellow","Yes","",""
"81",369,21,"small","true","Y","896x337","Mozilla/5.0 (iPhone; CPU iPhone OS 16_6 like Mac OS X) AppleWebKit/605.1.15 (KHTML, like Gecko) CriOS/119.0.6045.169 Mobile/15E148 Safari/604.1",48,"non-binary","This is the button for a hamburger menu, which opens after you click on it.",NA,"bottomBar",30890,1,3,0,8974,1,1,0,4,5,5,5,4,4,5,3,"hamTop",11379,1,1,0,29278,1,2,0,5,7,6,6,5,6,4,4,"Yellow","Yes","","No comments at this time, other than it was pretty fun."
"82",370,21,"big","true","Y","375x547","Mozilla/5.0 (iPhone; CPU iPhone OS 17_1_1 like Mac OS X) AppleWebKit/605.1.15 (KHTML, like Gecko) Version/17.1.1 Mobile/15E148 Safari/604.1",30,"man","This is the button for a hamburger menu, which opens after you click on it.",NA,"bottomBar",62704,1,23,0,15566,1,4,0,5,5,5,5,5,5,5,4,"hamTop",27512,1,3,0,25347,1,4,0,5,7,4,6,1,1,1,1,"Yellow","Yes","",""
"83",371,21,"small","true","Y","430x739","Mozilla/5.0 (iPhone; CPU iPhone OS 17_1_1 like Mac OS X) AppleWebKit/605.1.15 (KHTML, like Gecko) Version/17.1.1 Mobile/15E148 Safari/604.1",37,"man","This is the button for a hamburger menu, which opens after you click on it.",NA,"bottomBar",24151,1,4,0,9471,1,1,0,3,2,3,3,4,3,4,5,"hamTop",13372,1,1,0,15346,1,1,0,5,6,6,5,4,5,5,3,"Yellow","Yes","",""
"84",372,21,"big","true","Y","375x647","Mozilla/5.0 (iPhone; CPU iPhone OS 17_1 like Mac OS X) AppleWebKit/605.1.15 (KHTML, like Gecko) CriOS/119.0.6045.169 Mobile/15E148 Safari/604.1",58,"woman","This is the button for a hamburger menu, which opens after you click on it.",NA,"bottomBar",100002,0,3,0,99781,1,19,0,5,5,5,3,2,2,1,1,"hamTop",31300,1,3,0,11321,1,1,0,3,5,3,5,5,5,5,3,"Yellow","Yes","",""
"85",373,21,"small","true","Y","412x750","Mozilla/5.0 (Linux; Android 10; K) AppleWebKit/537.36 (KHTML, like Gecko) Chrome/119.0.0.0 Mobile Safari/537.36",39,"woman","This is the button for a hamburger menu, which opens after you click on it.",NA,"hamTop",14641.1999999955,1,2,0,15427.8999999985,1,1,0,1,1,1,1,7,7,7,7,"bottomBar",17979.1000000015,1,2,0,14560.3999999985,1,1,0,5,7,7,7,1,1,1,1,"Yellow","Yes","",""
"86",374,21,"big","true","Y","320x520","Mozilla/5.0 (iPhone; CPU iPhone OS 17_1 like Mac OS X) AppleWebKit/605.1.15 (KHTML, like Gecko) CriOS/119.0.6045.169 Mobile/15E148 Safari/604.1",60,"woman","This is the button for a hamburger menu, which opens after you click on it.",NA,"hamTop",100001,0,3,0,29823,1,1,0,5,6,6,5,7,4,6,3,"bottomBar",14877,1,2,0,60389,1,3,0,7,7,7,7,7,7,7,6,"Yellow","Yes","",""
"87",375,21,"small","true","Y","375x633","Mozilla/5.0 (iPhone; CPU iPhone OS 17_1_1 like Mac OS X) AppleWebKit/605.1.15 (KHTML, like Gecko) Version/17.1.1 Mobile/15E148 Safari/604.1",56,"man","This is the button for a hamburger menu, which opens after you click on it.",NA,"bottomBar",16452,1,3,0,18759,1,2,0,3,3,2,2,6,6,6,6,"hamTop",52800,1,2,0,10164,1,1,0,6,5,5,5,3,3,4,3,"Yellow","Yes","",""
"88",376,21,"big","true","Y","414x719","Mozilla/5.0 (iPhone; CPU iPhone OS 16_6_1 like Mac OS X) AppleWebKit/605.1.15 (KHTML, like Gecko) Version/16.6 Mobile/15E148 Safari/604.1",44,"woman","This is the button for a hamburger menu, which opens after you click on it.",NA,"bottomBar",69548,1,34,0,60441,1,14,0,5,5,6,5,4,2,2,3,"hamTop",22589,1,3,0,17891,1,1,0,5,1,2,3,6,6,6,4,"Yellow","Yes","",""
"89",378,21,"big","true","Y","375x637","Mozilla/5.0 (iPhone; CPU iPhone OS 16_7_2 like Mac OS X) AppleWebKit/605.1.15 (KHTML, like Gecko) Version/16.6 Mobile/15E148 Safari/604.1",37,"woman","This is the button for a hamburger menu, which opens after you click on it.",NA,"bottomBar",26751,1,14,0,58744,1,28,0,4,3,3,3,5,4,3,5,"hamTop",28365,1,5,0,11508,1,2,0,5,3,4,5,4,4,3,3,"Yellow","Yes","","No issues!"
"90",379,21,"small","true","Y","428x743","Mozilla/5.0 (iPhone; CPU iPhone OS 16_6_1 like Mac OS X) AppleWebKit/605.1.15 (KHTML, like Gecko) Version/16.6 Mobile/15E148 Safari/604.1",33,"man","This is the button for a hamburger menu, which opens after you click on it.",NA,"hamTop",15034,1,2,0,35397,1,4,0,3,3,2,2,4,5,5,5,"bottomBar",13454,1,2,0,14414,1,2,0,3,4,4,4,3,3,3,3,"Yellow","Yes","",""
"91",380,21,"big","true","Y","375x637","Mozilla/5.0 (iPhone; CPU iPhone OS 17_1_1 like Mac OS X) AppleWebKit/605.1.15 (KHTML, like Gecko) FxiOS/119.2  Mobile/15E148 Safari/605.1.15",49,"man","This is the button for a hamburger menu, which opens after you click on it.",NA,"bottomBar",40138,1,10,0,56488,1,24,0,5,5,6,5,5,3,5,4,"hamTop",35318,1,3,0,75035,1,17,0,5,3,3,4,5,5,6,6,"Yellow","Yes","","It was interesting. Would have helped if I knew which category each item was in ahead of time, but searching around wasn’t too bad. "
"92",381,21,"small","true","Y","390x669","Mozilla/5.0 (iPhone; CPU iPhone OS 17_1 like Mac OS X) AppleWebKit/605.1.15 (KHTML, like Gecko) CriOS/119.0.6045.169 Mobile/15E148 Safari/604.1",25,"woman","This is the button for a hamburger menu, which opens after you click on it.",NA,"hamTop",19915,1,1,0,40833,1,4,0,4,4,2,2,6,6,6,6,"bottomBar",15778,1,4,0,9754,1,1,0,4,3,3,3,5,5,6,6,"Yellow","Yes","",""
"93",382,21,"big","true","Y","430x745","Mozilla/5.0 (iPhone; CPU iPhone OS 17_1 like Mac OS X) AppleWebKit/605.1.15 (KHTML, like Gecko) CriOS/119.0.6045.169 Mobile/15E148 Safari/604.1",60,"man","This is the button for a hamburger menu, which opens after you click on it.",NA,"hamTop",28678,1,3,0,74304,1,3,0,2,2,3,2,2,2,2,2,"bottomBar",30619,1,5,0,29779,1,6,0,2,2,2,2,2,2,2,2,"Yellow","Yes","",""
"94",383,21,"small","true","Y","384x693","Mozilla/5.0 (Linux; Android 10; K) AppleWebKit/537.36 (KHTML, like Gecko) Chrome/119.0.0.0 Mobile Safari/537.36",49,"man","This is the button for a hamburger menu, which opens after you click on it.",NA,"bottomBar",18266.7999999989,1,3,0,16094.4000000004,1,2,0,6,5,5,5,6,6,7,6,"hamTop",15719.6999999993,1,1,0,17194.4000000004,1,1,0,6,6,6,6,4,5,3,3,"Yellow","Yes","",""
"95",385,21,"small","true","Y","390x661","Mozilla/5.0 (iPhone; CPU iPhone OS 17_1_1 like Mac OS X) AppleWebKit/605.1.15 (KHTML, like Gecko) Version/17.1.1 Mobile/15E148 Safari/604.1",30,"man","This is the button for a hamburger menu, which opens after you click on it.",NA,"hamTop",10885,1,1,0,27873,1,4,0,3,5,5,5,6,6,6,6,"bottomBar",8086,1,1,0,8735,1,1,0,6,6,6,6,7,7,7,7,"Yellow","Yes","",""
"96",386,21,"big","true","Y","321x543","Mozilla/5.0 (Linux; Android 10; K) AppleWebKit/537.36 (KHTML, like Gecko) Chrome/119.0.0.0 Mobile Safari/537.36",45,"man","This is the button for a hamburger menu, which opens after you click on it.",NA,"hamTop",40351.5,1,2,0,13538.8000000119,1,1,0,4,4,4,5,5,6,7,6,"bottomBar",35305.900000006,1,13,0,18719.6000000238,1,2,0,4,4,4,4,4,4,3,3,"Yellow","Yes","",""
"97",387,21,"small","true","Y","384x704","Mozilla/5.0 (Linux; Android 10; K) AppleWebKit/537.36 (KHTML, like Gecko) Chrome/119.0.0.0 Mobile Safari/537.36",52,"man","This is the button for a hamburger menu, which opens after you click on it.",NA,"hamTop",27481.6999999881,1,3,0,33601.3999999762,1,4,0,1,3,2,3,2,2,1,1,"bottomBar",11975.1000000238,1,2,0,12803.1999999881,1,2,0,5,5,4,4,3,3,4,4,"Yellow","Yes","",""
"98",388,21,"big","true","Y","375x546","Mozilla/5.0 (iPhone; CPU iPhone OS 16_6_1 like Mac OS X) AppleWebKit/605.1.15 (KHTML, like Gecko) Version/16.5 Mobile/15E148 Safari/604.1",41,"woman","This is the button for a hamburger menu, which opens after you click on it.",NA,"bottomBar",43534,1,26,0,41260,1,20,0,4,4,2,4,2,2,2,2,"hamTop",43123,1,3,0,11009,1,1,0,7,7,7,7,7,7,7,4,"Yellow","Yes","",""
"99",389,21,"small","true","Y","377x693","Mozilla/5.0 (Linux; Android 10; K) AppleWebKit/537.36 (KHTML, like Gecko) Chrome/119.0.0.0 Mobile Safari/537.36",43,"woman","This is the button for a hamburger menu, which opens after you click on it.",NA,"bottomBar",12562.5,1,1,0,15466.1999999881,1,5,0,5,4,4,4,4,5,5,5,"hamTop",11470.8999999762,1,2,0,14965.0999999642,1,1,0,4,4,4,4,4,4,4,4,"Yellow","Yes","",""
"100",391,21,"small","true","Y","384x729","Mozilla/5.0 (Linux; Android 10; K) AppleWebKit/537.36 (KHTML, like Gecko) Chrome/119.0.0.0 Mobile Safari/537.36",48,"man","This is the button for a hamburger menu, which opens after you click on it.",NA,"bottomBar",43150.6000000015,1,8,0,18858.2999999989,1,4,0,6,6,5,6,5,4,6,5,"hamTop",27423.5,1,2,0,16204.7999999989,1,3,0,4,3,4,3,4,3,2,2,"Yellow","Yes","","I likes the menu on the bottom better"
"101",392,21,"big","true","Y","393x660","Mozilla/5.0 (iPhone; CPU iPhone OS 16_6_1 like Mac OS X) AppleWebKit/605.1.15 (KHTML, like Gecko) Version/16.6 Mobile/15E148 Safari/604.1",30,"woman","This is the button for a hamburger menu, which opens after you click on it.",NA,"bottomBar",34852,1,27,0,28525,1,17,0,6,7,7,6,6,7,7,7,"hamTop",15441,1,2,0,25942,1,1,0,7,7,6,6,6,4,4,5,"Yellow","Yes","","Coolest survey I’ve taken."
"102",393,21,"small","true","Y","390x663","Mozilla/5.0 (iPhone; CPU iPhone OS 17_1_1 like Mac OS X) AppleWebKit/605.1.15 (KHTML, like Gecko) Version/17.1.1 Mobile/15E148 Safari/604.1",20,"woman","This is the button for a hamburger menu, which opens after you click on it.",NA,"hamTop",32155,1,1,0,13434,1,2,0,5,5,7,5,5,7,5,7,"bottomBar",15927,1,1,0,14517,1,3,0,7,7,7,7,6,7,7,7,"Yellow","Yes","",""
"103",394,21,"big","true","Y","414x714","Mozilla/5.0 (iPhone; CPU iPhone OS 17_1_1 like Mac OS X) AppleWebKit/605.1.15 (KHTML, like Gecko) Version/17.1.1 Mobile/15E148 Safari/604.1",26,"woman","This button will end the experiement.",NA,"hamTop",100002,0,25,0,45072,1,7,0,4,4,4,4,5,5,4,5,"bottomBar",42110,1,12,0,10746,1,2,0,6,6,6,6,5,5,5,5,"Yellow","Yes","",""
"104",395,21,"small","true","Y","441x639","Mozilla/5.0 (iPhone; CPU iPhone OS 17_0_3 like Mac OS X) AppleWebKit/605.1.15 (KHTML, like Gecko) Version/17.0.1 Mobile/15E148 Safari/604.1",20,"woman","This is the button for a hamburger menu, which opens after you click on it.",NA,"hamTop",18800,1,4,0,28022,1,2,0,1,1,1,1,5,5,5,5,"bottomBar",33619,1,2,0,17571,1,4,0,3,5,3,5,6,6,5,4,"Yellow","Yes","",""
"105",396,21,"big","true","Y","412x733","Mozilla/5.0 (Linux; Android 10; K) AppleWebKit/537.36 (KHTML, like Gecko) Chrome/119.0.0.0 Mobile Safari/537.36",45,"man","This is the button for a hamburger menu, which opens after you click on it.",NA,"bottomBar",62401.8999999985,1,22,0,100001.200000003,0,23,0,7,6,7,4,4,4,4,4,"hamTop",91243.8000000045,1,1,0,12436.6999999955,1,1,0,4,7,7,7,7,7,7,4,"Yellow","Yes","","The experiment was fun, it took me a lot of searching because I'm not very familiar with the categorization of the different elements, but the way that the ""interface"" was laid out made it fun, and kind of exciting to find the requested materials!"
"106",397,21,"small","true","Y","375x547","Mozilla/5.0 (iPhone; CPU iPhone OS 17_1_1 like Mac OS X) AppleWebKit/605.1.15 (KHTML, like Gecko) Version/17.1.1 Mobile/15E148 Safari/604.1",49,"woman","This is the button for a hamburger menu, which opens after you click on it.",NA,"bottomBar",38419,1,4,0,14599,1,3,0,5,5,5,5,5,7,6,7,"hamTop",10900,1,1,0,37161,1,5,0,5,6,6,6,5,5,4,4,"Yellow","Yes","",""
"107",398,21,"big","true","Y","384x729","Mozilla/5.0 (Linux; Android 10; K) AppleWebKit/537.36 (KHTML, like Gecko) Chrome/119.0.0.0 Mobile Safari/537.36",52,"woman","This is the button for a hamburger menu, which opens after you click on it.",NA,"bottomBar",19897.7000000477,1,2,0,40252.0999999046,1,14,0,5,5,5,4,4,4,3,3,"hamTop",16563.6999998093,1,2,0,83056.5,1,3,0,5,6,6,5,5,6,5,5,"Yellow","Yes","",""
"108",399,21,"small","true","Y","430x737","Mozilla/5.0 (iPhone; CPU iPhone OS 17_1_1 like Mac OS X) AppleWebKit/605.1.15 (KHTML, like Gecko) Version/17.1.1 Mobile/15E148 Safari/604.1",27,"woman","This is the button for a hamburger menu, which opens after you click on it.",NA,"hamTop",19495,1,1,0,14813,1,2,0,1,1,1,3,3,2,2,1,"bottomBar",24320,1,2,0,9950,1,1,0,4,3,4,3,1,1,4,4,"Yellow","Yes","",""
"109",400,21,"big","true","Y","360x745","Mozilla/5.0 (Linux; Android 10; K) AppleWebKit/537.36 (KHTML, like Gecko) Chrome/119.0.0.0 Mobile Safari/537.36",30,"woman","This is the button for a hamburger menu, which opens after you click on it.",NA,"bottomBar",41143.3999999762,1,24,0,38100,1,18,0,4,5,5,3,5,6,3,7,"hamTop",15990.6999999881,1,2,0,73094.8999999762,1,4,0,7,6,7,5,5,6,6,4,"Yellow","Yes","",""
"110",401,21,"small","true","Y","412x780","Mozilla/5.0 (Linux; Android 10; K) AppleWebKit/537.36 (KHTML, like Gecko) Chrome/119.0.0.0 Mobile Safari/537.36",45,"woman","This is the button for a hamburger menu, which opens after you click on it.",NA,"bottomBar",24030.900000006,1,4,0,24211.5,1,2,0,4,3,1,4,5,5,5,3,"hamTop",15195.599999994,1,2,0,55112.1999999881,1,1,0,7,7,7,7,4,3,1,1,"Yellow","Yes","",""
"111",403,21,"small","true","Y","412x612","Mozilla/5.0 (Linux; Android 9; SAMSUNG SM-J737U) AppleWebKit/537.36 (KHTML, like Gecko) SamsungBrowser/23.0 Chrome/115.0.0.0 Mobile Safari/537.36",19,"non-binary","This is the button for a hamburger menu, which opens after you click on it.",NA,"bottomBar",11070.5,1,1,0,10871.5999999046,1,2,0,4,4,4,4,6,6,6,6,"hamTop",22195.0999999046,1,1,0,16963.7999999523,1,3,0,5,4,6,5,6,5,4,4,"Yellow","Yes","",""
"112",404,21,"big","true","Y","375x550","Mozilla/5.0 (iPhone; CPU iPhone OS 16_3_1 like Mac OS X) AppleWebKit/605.1.15 (KHTML, like Gecko) Version/16.3 Mobile/15E148 Safari/604.1",27,"woman","This is the button for a hamburger menu, which opens after you click on it.",NA,"bottomBar",16462,1,2,0,15719,1,4,0,5,7,5,4,4,3,5,6,"hamTop",14411,1,2,0,14982,1,1,0,2,3,4,3,4,5,3,4,"Yellow","Yes","","N/A"
"113",405,21,"small","true","Y","384x728","Mozilla/5.0 (Linux; Android 10; K) AppleWebKit/537.36 (KHTML, like Gecko) Chrome/119.0.0.0 Mobile Safari/537.36",52,"woman","This is the button for a hamburger menu, which opens after you click on it.",NA,"hamTop",30894.6000000238,1,1,0,16590.400000006,1,2,0,5,6,7,5,6,7,5,5,"bottomBar",12299.8000000119,1,2,0,17495.6999999881,1,4,0,7,7,7,7,5,6,5,2,"Yellow","Yes","",""
"114",408,21,"big","true","Y","412x666","Mozilla/5.0 (Linux; Android 10; K) AppleWebKit/537.36 (KHTML, like Gecko) Chrome/119.0.0.0 Mobile Safari/537.36",34,"woman","This is the button for a hamburger menu, which opens after you click on it.",NA,"bottomBar",42830,1,16,0,40284,1,16,0,5,5,4,5,2,1,1,1,"hamTop",21060,1,4,0,25279,1,1,0,3,7,1,5,3,2,3,1,"Yellow","Yes","","All I could think was that both of them needed a search bar."
"115",409,21,"small","true","Y","393x659","Mozilla/5.0 (iPhone; CPU iPhone OS 17_1_1 like Mac OS X) AppleWebKit/605.1.15 (KHTML, like Gecko) Version/17.1.1 Mobile/15E148 Safari/604.1",29,"woman","This is the button for a hamburger menu, which opens after you click on it.",NA,"bottomBar",19418,1,4,0,32121,1,4,0,6,4,5,4,5,6,4,5,"hamTop",17043,1,1,0,28485,1,3,1,6,5,6,5,6,5,6,5,"Yellow","Yes","",""
"116",410,21,"big","true","Y","360x745","Mozilla/5.0 (Linux; Android 10; K) AppleWebKit/537.36 (KHTML, like Gecko) Chrome/119.0.0.0 Mobile Safari/537.36",47,"woman","This is the button for a hamburger menu, which opens after you click on it.",NA,"hamTop",13516,1,1,0,62756.1000000089,1,7,0,6,6,7,6,5,4,4,4,"bottomBar",19687.299999997,1,4,0,21038.3000000119,1,2,0,2,2,2,4,2,2,4,4,"Yellow","Yes","",""
"117",411,21,"small","true","Y","414x716","Mozilla/5.0 (iPhone; CPU iPhone OS 17_1_1 like Mac OS X) AppleWebKit/605.1.15 (KHTML, like Gecko) Version/17.1.1 Mobile/15E148 Safari/604.1",20,"woman","This is the button for a hamburger menu, which opens after you click on it.",NA,"bottomBar",15189,1,1,0,18124,1,4,0,7,7,7,7,7,7,7,7,"hamTop",20490,1,2,0,57687,1,1,0,7,7,6,7,7,6,6,6,"Yellow","Yes","",""
"118",412,21,"big","true","Y","360x646","Mozilla/5.0 (Linux; Android 10; K) AppleWebKit/537.36 (KHTML, like Gecko) Chrome/119.0.0.0 Mobile Safari/537.36",31,"man","This is the button for a hamburger menu, which opens after you click on it.",NA,"hamTop",44209.6999998093,1,12,0,20558.3000001907,1,6,0,4,4,1,1,3,3,3,3,"bottomBar",38801.3000001907,1,14,0,9501.90000009537,1,2,0,3,4,2,3,4,4,3,3,"Yellow","Yes","",""
"119",413,21,"small","true","Y","326x543","Mozilla/5.0 (iPhone; CPU iPhone OS 16_3_1 like Mac OS X) AppleWebKit/605.1.15 (KHTML, like Gecko) Version/16.3 Mobile/15E148 Safari/604.1",50,"woman","This is the button for a hamburger menu, which opens after you click on it.",NA,"hamTop",40818,1,2,0,100001,0,0,0,2,1,2,2,1,1,1,1,"bottomBar",46731,1,2,0,32653,1,4,0,4,3,3,3,1,1,2,1,"Yellow","Yes","",""
"120",414,21,"big","true","Y","432x812","Mozilla/5.0 (Linux; Android 10; K) AppleWebKit/537.36 (KHTML, like Gecko) Chrome/117.0.0.0 Mobile Safari/537.36",43,"man","This is the button for a hamburger menu, which opens after you click on it.",NA,"bottomBar",69425.200000003,1,26,0,43360.1000000089,1,12,0,4,4,4,3,5,5,4,4,"hamTop",100003.100000009,0,0,0,36008.099999994,1,1,0,7,7,7,7,4,4,4,1,"Yellow","Yes","",""
"121",415,21,"small","true","Y","375x634","Mozilla/5.0 (iPhone; CPU iPhone OS 17_1_1 like Mac OS X) AppleWebKit/605.1.15 (KHTML, like Gecko) Version/17.1.1 Mobile/15E148 Safari/604.1",24,"woman","This is the button for a hamburger menu, which opens after you click on it.",NA,"bottomBar",32372,1,1,0,23180,1,3,0,4,4,5,4,4,7,5,7,"hamTop",14462,1,1,0,37225,1,1,0,4,6,5,5,4,5,5,4,"Yellow","Yes","",""
"122",416,21,"big","true","Y","320x512","Mozilla/5.0 (Linux; Android 10; K) AppleWebKit/537.36 (KHTML, like Gecko) Chrome/119.0.0.0 Mobile Safari/537.36",26,"man","This is the button for a hamburger menu, which opens after you click on it.",NA,"hamTop",100003.400000006,0,15,0,42108.8999999985,1,1,0,5,5,4,4,5,3,3,3,"bottomBar",13610.5,1,2,0,82875.8000000045,1,9,0,6,4,5,4,5,5,4,4,"Yellow","Yes","",""
"123",417,21,"small","true","Y","432x836","Mozilla/5.0 (Linux; Android 10; K) AppleWebKit/537.36 (KHTML, like Gecko) Chrome/119.0.0.0 Mobile Safari/537.36",27,"woman","This is the button for a hamburger menu, which opens after you click on it.",NA,"bottomBar",18782.0999999996,1,4,0,33668.5,1,4,0,5,6,4,4,4,6,6,6,"hamTop",14237.5999999996,1,2,0,17657.5,1,1,0,2,2,1,3,2,2,1,1,"Yellow","Yes","",""
"124",419,21,"small","true","Y","375x636","Mozilla/5.0 (iPhone; CPU iPhone OS 16_3_1 like Mac OS X) AppleWebKit/605.1.15 (KHTML, like Gecko) Version/16.3 Mobile/15E148 Safari/604.1",26,"man","This is the button for a hamburger menu, which opens after you click on it.",NA,"hamTop",31584,1,1,0,23564,1,5,0,5,5,5,5,6,6,6,6,"bottomBar",29756,1,2,0,12179,1,1,0,7,7,7,7,6,6,6,6,"Yellow","Yes","",""
"125",420,21,"big","true","Y","328x613","Mozilla/5.0 (Linux; Android 10; K) AppleWebKit/537.36 (KHTML, like Gecko) Chrome/119.0.0.0 Mobile Safari/537.36",54,"man","This is the button for a hamburger menu, which opens after you click on it.",NA,"hamTop",19021.299999997,1,2,0,87018.8000000007,1,10,0,5,6,5,5,5,7,7,7,"bottomBar",39425.5,1,12,0,15584.6000000015,1,4,0,5,6,6,6,5,5,5,5,"Yellow","Yes","",""
"126",421,21,"small","true","Y","390x663","Mozilla/5.0 (iPhone; CPU iPhone OS 17_0_3 like Mac OS X) AppleWebKit/605.1.15 (KHTML, like Gecko) Version/17.0.1 Mobile/15E148 Safari/604.1",43,"woman","This is the button for a hamburger menu, which opens after you click on it.",NA,"bottomBar",14196,1,1,0,26563,1,4,0,1,1,1,1,7,7,7,7,"hamTop",25024,1,2,0,20936,1,1,0,4,4,2,3,1,1,3,3,"Yellow","Yes","",""
"127",422,21,"big","true","Y","414x618","Mozilla/5.0 (iPhone; CPU iPhone OS 15_8 like Mac OS X) AppleWebKit/605.1.15 (KHTML, like Gecko) Version/15.6.6 Mobile/15E148 Safari/604.1",40,"woman","This is the button for a hamburger menu, which opens after you click on it.",NA,"bottomBar",33581,1,8,0,28903,1,13,0,4,3,5,4,3,2,4,2,"hamTop",22882,1,2,0,13700,1,2,0,2,2,2,2,1,2,4,3,"Yellow","Yes","","I didn’t know elements well which was confusing but I like first one best "
"128",423,21,"small","true","Y","430x739","Mozilla/5.0 (iPhone; CPU iPhone OS 17_1_1 like Mac OS X) AppleWebKit/605.1.15 (KHTML, like Gecko) Version/17.1.1 Mobile/15E148 Safari/604.1",20,"man","This is the button for a hamburger menu, which opens after you click on it.",NA,"bottomBar",15289,1,1,0,12658,1,5,0,3,3,3,3,5,5,3,4,"hamTop",16616,1,2,0,13392,1,3,0,3,3,3,4,3,3,4,3,"Yellow","Yes","",""
"129",425,21,"small","true","Y","375x628","Mozilla/5.0 (iPhone; CPU iPhone OS 17_0_3 like Mac OS X) AppleWebKit/605.1.15 (KHTML, like Gecko) Version/17.0.1 Mobile/15E148 Safari/604.1",26,"not-disclosed","This is the button for a hamburger menu, which opens after you click on it.",NA,"hamTop",19163,1,4,0,13701,1,2,0,1,1,1,1,3,6,1,5,"bottomBar",17509,1,2,0,14306,1,2,0,4,7,7,7,3,1,1,1,"Yellow","Yes","",""
"130",426,21,"big","true","Y","428x749","Mozilla/5.0 (iPhone; CPU iPhone OS 16_5_1 like Mac OS X) AppleWebKit/605.1.15 (KHTML, like Gecko) Version/16.5.2 Mobile/15E148 Safari/604.1",30,"woman","This is the button for a hamburger menu, which opens after you click on it.",NA,"hamTop",100001,0,1,0,51466,1,5,0,6,6,6,5,4,2,3,2,"bottomBar",23415,1,8,0,42291,1,24,0,4,6,6,6,5,4,4,5,"Yellow","Yes","",""
"131",430,21,"big","true","Y","360x647","Mozilla/5.0 (Linux; Android 10; K) AppleWebKit/537.36 (KHTML, like Gecko) Chrome/119.0.0.0 Mobile Safari/537.36",53,"woman","This is the button for a hamburger menu, which opens after you click on it.",NA,"bottomBar",31628.3000000715,1,2,0,100004.200000048,0,18,0,6,6,6,5,4,3,4,4,"hamTop",38934.8999999762,1,5,0,16608.5,1,1,0,6,5,6,6,6,6,6,5,"Yellow","Yes","",""
"132",431,21,"small","true","Y","412x538","Mozilla/5.0 (Linux; Android 10; K) AppleWebKit/537.36 (KHTML, like Gecko) Chrome/119.0.0.0 Mobile Safari/537.36",39,"man","This is the button for a hamburger menu, which opens after you click on it.",NA,"hamTop",100002.300000191,0,0,0,23771.5,1,4,0,4,6,3,5,5,5,4,4,"bottomBar",12314.7000000477,1,2,0,17214,1,3,0,6,6,6,5,5,5,4,4,"Yellow","Yes","",""
"133",432,21,"big","true","Y","375x548","Mozilla/5.0 (iPhone; CPU iPhone OS 16_1_2 like Mac OS X) AppleWebKit/605.1.15 (KHTML, like Gecko) Version/16.1 Mobile/15E148 Safari/604.1",34,"man","This is the button for a hamburger menu, which opens after you click on it.",NA,"bottomBar",21687,1,4,0,100002,0,27,0,3,3,2,2,4,4,3,4,"hamTop",19384,1,3,0,9609,1,1,0,5,5,5,5,3,3,2,2,"Yellow","Yes","",""
"134",433,21,"small","true","Y","414x707","Mozilla/5.0 (iPhone; CPU iPhone OS 17_1_1 like Mac OS X) AppleWebKit/605.1.15 (KHTML, like Gecko) Version/17.1.1 Mobile/15E148 Safari/604.1",56,"man","This is the button for a hamburger menu, which opens after you click on it.",NA,"bottomBar",35064,1,4,0,19962,1,2,0,5,5,5,5,3,5,5,5,"hamTop",37095,1,1,0,11335,1,1,0,2,6,5,5,3,5,3,3,"Yellow","Yes","",""
"135",434,21,"big","true","Y","375x548","Mozilla/5.0 (iPhone; CPU iPhone OS 15_5 like Mac OS X) AppleWebKit/605.1.15 (KHTML, like Gecko) Version/15.5 Mobile/15E148 Safari/604.1",29,"man","This is the button for a hamburger menu, which opens after you click on it.",NA,"bottomBar",39670,1,18,0,33596,1,10,0,6,6,7,6,7,7,7,7,"hamTop",14257,1,1,0,12638,1,1,0,7,7,7,7,5,6,6,6,"Yellow","Yes","",""
"136",435,21,"small","true","Y","360x590","Mozilla/5.0 (Linux; Android 10; K) AppleWebKit/537.36 (KHTML, like Gecko) Chrome/115.0.0.0 Mobile Safari/537.36",33,"man","This is the Logo of the website.",NA,"hamTop",13179.8999999762,1,2,0,24566.6999999881,1,3,0,6,7,5,5,5,6,6,6,"bottomBar",25498.5999999642,1,6,0,37661.6999999881,1,3,0,5,6,5,4,7,6,5,5,"Yellow","Yes","",""
"137",436,21,"big","true","Y","414x719","Mozilla/5.0 (iPhone; CPU iPhone OS 16_6_1 like Mac OS X) AppleWebKit/605.1.15 (KHTML, like Gecko) Version/16.6 Mobile/15E148 Safari/604.1",33,"man","This is the button for a hamburger menu, which opens after you click on it.",NA,"bottomBar",42025,1,12,0,26938,1,18,0,5,5,5,4,5,4,4,4,"hamTop",13174,1,2,0,29862,1,2,0,5,5,5,5,4,4,4,4,"Yellow","Yes","","It was an interesting study!"
"138",437,21,"small","true","Y","384x726","Mozilla/5.0 (Linux; Android 12; SM-A127F) AppleWebKit/537.36 (KHTML, like Gecko) Chrome/105.0.0.0 Mobile Safari/537.36",29,"man","This is the button for a hamburger menu, which opens after you click on it.",NA,"hamTop",22673.1000001431,1,3,0,56276.5,1,3,0,7,7,7,7,7,7,7,7,"bottomBar",17707.4000000954,1,2,0,10674.0999999046,1,1,0,7,7,7,7,7,7,7,7,"Yellow","Yes","",""
"139",438,21,"big","true","Y","509x977","Mozilla/5.0 (Linux; Android 10; K) AppleWebKit/537.36 (KHTML, like Gecko) Chrome/119.0.0.0 Mobile Safari/537.36",40,"man","This is the button for a hamburger menu, which opens after you click on it.",NA,"hamTop",48131.799999997,1,8,0,36239,1,3,0,6,6,2,4,6,5,5,5,"bottomBar",57276.200000003,1,13,0,12691.1000000015,1,2,0,4,3,4,4,5,4,2,4,"Yellow","Yes","",""
"140",440,21,"big","true","Y","423x856","Mozilla/5.0 (Linux; Android 10; K) AppleWebKit/537.36 (KHTML, like Gecko) Chrome/116.0.0.0 Mobile Safari/537.36",67,"man","This is the button for a hamburger menu, which opens after you click on it.",NA,"hamTop",56102.3999999985,1,10,0,13190.3000000045,1,1,0,7,7,7,6,6,7,7,6,"bottomBar",13537,1,2,0,38486.700000003,1,6,0,6,5,6,5,7,7,7,6,"Yellow","Yes","",""
"141",441,21,"small","true","Y","390x663","Mozilla/5.0 (iPhone; CPU iPhone OS 17_1_1 like Mac OS X) AppleWebKit/605.1.15 (KHTML, like Gecko) Version/17.1.1 Mobile/15E148 Safari/604.1",29,"man","This is the button for a hamburger menu, which opens after you click on it.",NA,"hamTop",18994,1,4,0,32273,1,4,0,4,5,3,3,4,5,3,5,"bottomBar",9128,1,1,0,17624,1,7,0,5,5,5,4,5,5,5,5,"Yellow","Yes","",""
"142",442,21,"big","true","Y","534x726","Mozilla/5.0 (Linux; Android 10; K) AppleWebKit/537.36 (KHTML, like Gecko) Chrome/116.0.0.0 Mobile Safari/537.36",37,"man","This is the button for a hamburger menu, which opens after you click on it.",NA,"hamTop",52056,1,10,0,23628.6999999881,1,7,0,6,5,7,4,7,6,7,7,"bottomBar",20049.7999999523,1,8,0,51076.8000000119,1,9,0,6,7,6,7,6,7,5,4,"Yellow","Yes","",""
"143",444,21,"big","true","Y","375x732","Mozilla/5.0 (Linux; Android 10; K) AppleWebKit/537.36 (KHTML, like Gecko) Chrome/119.0.0.0 Mobile Safari/537.36",65,"woman","This is the button for a hamburger menu, which opens after you click on it.",NA,"bottomBar",31589.6999998093,1,16,0,59299.3999998569,1,18,0,6,6,6,6,6,5,6,4,"hamTop",100003.200000048,0,9,0,100000.900000095,0,17,1,3,4,3,2,5,4,5,5,"Yellow","Yes","","I actually enjoyed both examples of searches in your study, but I had a harder time finding the products in the first example. Thank you. "
"144",446,21,"big","true","Y","412x682","Mozilla/5.0 (Linux; Android 12; SAMSUNG SM-G973U) AppleWebKit/537.36 (KHTML, like Gecko) SamsungBrowser/23.0 Chrome/115.0.0.0 Mobile Safari/537.36",34,"man","This is the button for a hamburger menu, which opens after you click on it.",NA,"hamTop",32434.6999999955,1,2,0,26983.3999999985,1,6,0,5,5,5,4,6,6,6,6,"bottomBar",80383.799999997,1,8,0,32589.8999999985,1,14,0,6,6,6,6,6,6,6,6,"Yellow","Yes","","Jesus Loves You"
"145",449,21,"small","true","Y","412x718","Mozilla/5.0 (Linux; Android 10; K) AppleWebKit/537.36 (KHTML, like Gecko) Chrome/119.0.0.0 Mobile Safari/537.36",29,"woman","This is the button for a hamburger menu, which opens after you click on it.",NA,"hamTop",11529.7999999523,1,1,0,24911,1,4,0,4,5,3,3,3,7,3,7,"bottomBar",21180,1,2,0,9342.5,1,1,0,7,7,5,7,4,5,5,4,"Yellow","Yes","","I liked the quest giver!"
"146",450,21,"big","true","Y","360x670","Mozilla/5.0 (Linux; Android 10; K) AppleWebKit/537.36 (KHTML, like Gecko) Chrome/119.0.0.0 Mobile Safari/537.36",54,"woman","This is the button for a hamburger menu, which opens after you click on it.",NA,"bottomBar",40576.7999999821,1,30,0,100002.099999994,0,0,0,4,4,3,3,6,6,7,7,"hamTop",27140.900000006,1,3,0,19509.599999994,1,1,0,7,7,7,7,4,4,2,1,"Yellow","Yes","",""
"147",451,21,"small","true","Y","430x746","Mozilla/5.0 (iPhone; CPU iPhone OS 17_1_1 like Mac OS X) AppleWebKit/605.1.15 (KHTML, like Gecko) Version/17.1.1 Mobile/15E148 Safari/604.1",32,"man","This is the button for a hamburger menu, which opens after you click on it.",NA,"hamTop",39380,1,1,0,18270,1,4,0,4,4,5,5,4,4,4,4,"bottomBar",8701,1,1,0,13719,1,1,0,4,4,4,4,4,4,4,5,"Yellow","Yes","",""
"148",453,21,"small","true","Y","428x751","Mozilla/5.0 (iPhone; CPU iPhone OS 17_1 like Mac OS X) AppleWebKit/605.1.15 (KHTML, like Gecko) CriOS/119.0.6045.169 Mobile/15E148 Safari/604.1",46,"man","This is the button for a hamburger menu, which opens after you click on it.",NA,"hamTop",22998,1,1,0,100001,0,4,0,4,6,7,5,6,7,6,7,"bottomBar",11917,1,1,0,19388,1,1,0,6,7,7,7,5,7,6,6,"Yellow","Yes","",""
"149",455,21,"small","true","Y","414x714","Mozilla/5.0 (iPhone; CPU iPhone OS 17_1_1 like Mac OS X) AppleWebKit/605.1.15 (KHTML, like Gecko) Version/17.1.1 Mobile/15E148 Safari/604.1",49,"man","This is the button for a hamburger menu, which opens after you click on it.",NA,"bottomBar",25751,1,2,0,17732,1,4,0,7,7,7,7,7,7,7,7,"hamTop",13624,1,2,0,17977,1,1,0,7,7,7,7,7,7,6,6,"Yellow","Yes","","n/a"
"150",456,21,"big","true","Y","372x646","Mozilla/5.0 (iPhone; CPU iPhone OS 16_2 like Mac OS X) AppleWebKit/605.1.15 (KHTML, like Gecko) Version/16.2 Mobile/15E148 Safari/604.1",50,"man","This is the button for a hamburger menu, which opens after you click on it.",NA,"hamTop",100002,0,7,0,33691,1,3,0,6,5,6,5,3,3,5,4,"bottomBar",22760,1,2,0,29225,1,2,0,5,5,6,5,5,6,7,5,"Yellow","Yes","","Chemistry wasn’t my best subject. So that second task was a bit more challenging. Thanks. "
"151",457,21,"small","true","Y","412x800","Mozilla/5.0 (Linux; Android 10; K) AppleWebKit/537.36 (KHTML, like Gecko) Chrome/119.0.0.0 Mobile Safari/537.36",66,"man","This is the button for a hamburger menu, which opens after you click on it.",NA,"bottomBar",28574.900000006,1,3,0,25168.400000006,1,4,0,5,5,5,5,5,5,5,5,"hamTop",14211.5,1,1,0,67800,1,3,0,5,5,5,5,5,5,5,4,"Yellow","Yes","",""
"152",458,21,"big","true","Y","430x737","Mozilla/5.0 (iPhone; CPU iPhone OS 17_1_1 like Mac OS X) AppleWebKit/605.1.15 (KHTML, like Gecko) Version/17.1.1 Mobile/15E148 Safari/604.1",36,"man","This is the button for a hamburger menu, which opens after you click on it.",NA,"hamTop",63645,1,11,0,35859,1,8,0,2,2,1,2,2,2,5,2,"bottomBar",19595,1,6,0,32765,1,14,0,2,2,4,2,2,2,2,2,"Yellow","Yes","","Very confusing to non-scientific minded people"
"153",459,21,"small","true","Y","393x722","Mozilla/5.0 (Linux; Android 10; K) AppleWebKit/537.36 (KHTML, like Gecko) Chrome/119.0.0.0 Mobile Safari/537.36",31,"man","This is nothing important and can be ignored.",NA,"bottomBar",13198,1,3,0,18129.8000000045,1,2,0,7,6,5,4,7,7,7,6,"hamTop",14907.6999999955,1,3,0,12298.299999997,1,2,0,1,1,1,1,4,4,1,1,"Yellow","Yes","","First one is way better with bottom screen navigation."
"154",460,21,"big","true","Y","428x729","Mozilla/5.0 (iPhone; CPU iPhone OS 17_1 like Mac OS X) AppleWebKit/605.1.15 (KHTML, like Gecko) GSA/291.0.582931352 Mobile/15E148 Safari/604.1",43,"man","This is the button for a hamburger menu, which opens after you click on it.",NA,"hamTop",34917,1,6,0,73090,1,8,0,2,2,1,2,2,4,2,3,"bottomBar",18252,1,3,0,11075,1,2,0,5,3,5,3,2,3,2,2,"Yellow","Yes","",""
"155",464,21,"big","true","Y","352x683","Mozilla/5.0 (Linux; Android 10; K) AppleWebKit/537.36 (KHTML, like Gecko) Chrome/119.0.0.0 Mobile Safari/537.36",47,"man","This is the button for a hamburger menu, which opens after you click on it.",NA,"hamTop",54998.1000000015,1,15,0,59470,1,7,0,3,2,2,2,5,6,6,6,"bottomBar",31334.700000003,1,13,0,11101.599999994,1,2,0,6,6,6,5,4,4,3,3,"Yellow","Yes","",""
"156",465,21,"small","true","Y","400x740","Mozilla/5.0 (Linux; Android 10; K) AppleWebKit/537.36 (KHTML, like Gecko) Chrome/119.0.0.0 Mobile Safari/537.36",29,"man","This is the button for a hamburger menu, which opens after you click on it.",NA,"bottomBar",16085.6000000238,1,1,0,9541.10000002384,1,2,0,5,6,5,5,6,5,6,6,"hamTop",23491.1999999881,1,2,0,27324,1,2,0,6,2,6,2,4,6,2,2,"Yellow","Yes","",""
"157",466,21,"big","true","Y","375x641","Mozilla/5.0 (iPhone; CPU iPhone OS 16_6_1 like Mac OS X) AppleWebKit/605.1.15 (KHTML, like Gecko) Version/16.6 Mobile/15E148 Safari/604.1",23,"man","This is the button for a hamburger menu, which opens after you click on it.",NA,"bottomBar",100002,0,40,0,25479,1,4,0,6,6,3,3,1,1,2,3,"hamTop",28236,1,1,0,10422,1,1,0,6,7,6,6,6,7,6,6,"Yellow","Yes","","It was difficult to find some of the materials asked for specifically silicon. A search button would be much more efficient for this task."
"158",467,21,"small","true","Y","393x659","Mozilla/5.0 (iPhone; CPU iPhone OS 17_1_1 like Mac OS X) AppleWebKit/605.1.15 (KHTML, like Gecko) Version/17.1.1 Mobile/15E148 Safari/604.1",39,"man","This is the button for a hamburger menu, which opens after you click on it.",NA,"bottomBar",31661,1,4,0,23819,1,2,0,3,5,4,3,6,3,5,5,"hamTop",18061,1,1,0,19333,1,1,0,3,3,2,5,2,2,2,2,"Yellow","Yes","",""
"159",468,21,"big","true","Y","384x729","Mozilla/5.0 (Linux; Android 10; K) AppleWebKit/537.36 (KHTML, like Gecko) Chrome/119.0.0.0 Mobile Safari/537.36",27,"man","This is the button for a hamburger menu, which opens after you click on it.",NA,"hamTop",22263.200000003,1,5,0,22485.3999999985,1,6,0,6,6,6,6,6,7,7,7,"bottomBar",32094.1000000015,1,9,0,39509.1999999955,1,26,0,6,7,7,4,5,6,6,6,"Yellow","Yes","",""
"160",469,21,"small","true","Y","414x787","Mozilla/5.0 (Android 14; Mobile; rv:120.0) Gecko/120.0 Firefox/120.0",21,"man","This is the button for a hamburger menu, which opens after you click on it.",NA,"bottomBar",17562,1,4,0,10392,1,1,0,3,3,4,2,6,7,6,7,"hamTop",13411,1,2,0,25427,1,1,0,3,6,3,6,3,2,2,2,"Yellow","Yes","",""
"161",470,21,"big","true","Y","432x812","Mozilla/5.0 (Linux; Android 10; K) AppleWebKit/537.36 (KHTML, like Gecko) Chrome/119.0.0.0 Mobile Safari/537.36",42,"man","This is the button for a hamburger menu, which opens after you click on it.",NA,"hamTop",39905.7000000002,1,3,0,17425,1,1,0,4,6,5,5,5,5,5,5,"bottomBar",23804.2999999998,1,6,0,27738.6000000006,1,2,0,4,3,4,4,4,4,4,4,"Yellow","Yes","",""
"162",471,21,"small","true","Y","412x733","Mozilla/5.0 (Linux; Android 10; K) AppleWebKit/537.36 (KHTML, like Gecko) Chrome/119.0.0.0 Mobile Safari/537.36",39,"man","This is the button for a hamburger menu, which opens after you click on it.",NA,"bottomBar",17954.3999999762,1,1,0,15376.0999999642,1,4,0,4,4,4,4,5,5,5,6,"hamTop",38775.1999999881,1,1,0,18245,1,2,0,4,5,5,6,3,4,4,4,"Yellow","Yes","","None"
"163",473,21,"small","true","Y","430x739","Mozilla/5.0 (iPhone; CPU iPhone OS 17_1_1 like Mac OS X) AppleWebKit/605.1.15 (KHTML, like Gecko) Version/17.1.1 Mobile/15E148 Safari/604.1",52,"man","This is the button for a hamburger menu, which opens after you click on it.",NA,"hamTop",9540,1,1,0,32962,1,4,0,5,6,5,5,5,3,4,3,"bottomBar",10543,1,1,0,14904,1,4,0,6,6,7,7,5,4,2,2,"Yellow","Yes","",""
"164",475,21,"small","true","Y","430x740","Mozilla/5.0 (iPhone; CPU iPhone OS 16_6 like Mac OS X) AppleWebKit/605.1.15 (KHTML, like Gecko) Version/16.6 Mobile/15E148 Safari/604.1",21,"man","This is the button for a hamburger menu, which opens after you click on it.",NA,"hamTop",14302,1,3,0,13030,1,2,0,5,5,4,4,5,6,6,6,"bottomBar",14339,1,2,0,8976,1,2,0,6,7,7,7,6,6,6,6,"Yellow","Yes","",""
"165",476,21,"big","true","Y","393x665","Mozilla/5.0 (iPhone; CPU iPhone OS 17_0_1 like Mac OS X) AppleWebKit/605.1.15 (KHTML, like Gecko) Version/17.0 Mobile/15E148 Safari/604.1",41,"man","This is the button for a hamburger menu, which opens after you click on it.",NA,"bottomBar",60302,1,32,0,19324,1,13,0,3,5,5,4,4,3,2,4,"hamTop",18843,1,4,0,9264,1,1,0,4,4,3,4,3,3,2,3,"Yellow","Yes","",""
"166",478,21,"big","true","Y","360x665","Mozilla/5.0 (Linux; Android 10; K) AppleWebKit/537.36 (KHTML, like Gecko) Chrome/119.0.0.0 Mobile Safari/537.36",37,"man","This is the button for a hamburger menu, which opens after you click on it.",NA,"bottomBar",51769.7999999523,1,25,0,47300.1000001431,1,11,0,4,3,3,2,5,4,5,4,"hamTop",27738,1,4,0,32863.7000000477,1,2,0,5,6,6,7,4,4,2,3,"Yellow","Yes","",""
"167",479,21,"small","true","Y","388x736","Mozilla/5.0 (Linux; Android 10; K) AppleWebKit/537.36 (KHTML, like Gecko) Chrome/119.0.0.0 Mobile Safari/537.36",44,"man","This is the button for a hamburger menu, which opens after you click on it.",NA,"bottomBar",19099.200000003,1,4,0,12401.1999999955,1,2,0,5,6,5,4,6,6,6,6,"hamTop",32831.799999997,1,2,0,20326.5,1,3,0,6,5,6,5,5,5,4,4,"Yellow","Yes","",""
"168",480,21,"big","true","Y","412x767","Mozilla/5.0 (Linux; Android 10; K) AppleWebKit/537.36 (KHTML, like Gecko) Chrome/119.0.0.0 Mobile Safari/537.36",33,"man","This is the button for a hamburger menu, which opens after you click on it.",NA,"bottomBar",100006.099999905,0,0,0,40381.5,1,24,0,5,5,5,4,3,4,2,2,"hamTop",21461.6999998093,1,3,0,58309.1000001431,1,2,0,5,2,2,3,4,3,2,2,"Yellow","Yes","",""
"169",481,21,"small","true","Y","375x553","Mozilla/5.0 (iPhone; CPU iPhone OS 17_1 like Mac OS X) AppleWebKit/605.1.15 (KHTML, like Gecko) CriOS/119.0.6045.169 Mobile/15E148 Safari/604.1",68,"man","This is the button for a hamburger menu, which opens after you click on it.",NA,"hamTop",74813,1,5,0,31506,1,4,0,5,6,6,6,6,5,6,5,"bottomBar",14889,1,2,0,16334,1,1,0,7,7,6,7,6,7,7,7,"Yellow","Yes","",""
"170",483,21,"small","true","Y","414x721","Mozilla/5.0 (iPhone; CPU iPhone OS 17_1_1 like Mac OS X) AppleWebKit/605.1.15 (KHTML, like Gecko) Version/17.1.1 Mobile/15E148 Safari/604.1",40,"man","This is the button for a hamburger menu, which opens after you click on it.",NA,"bottomBar",26010,1,4,0,25066,1,1,0,4,4,4,3,5,6,6,6,"hamTop",17632,1,1,0,9835,1,1,0,4,6,6,6,3,3,3,3,"Yellow","Yes","",""
"171",484,21,"big","true","Y","384x720","Mozilla/5.0 (Linux; Android 10; K) AppleWebKit/537.36 (KHTML, like Gecko) Chrome/119.0.0.0 Mobile Safari/537.36",57,"man","This is the button for a hamburger menu, which opens after you click on it.",NA,"hamTop",38267.900000006,1,5,0,54818.7000000179,1,3,0,4,4,2,3,4,4,3,3,"bottomBar",13591.8000000119,1,2,0,22504.900000006,1,4,0,4,3,3,3,4,4,4,4,"Yellow","Yes","","The fixed questions didn't really capture my feelings about the two menu styles. I much preferred the first. But both relief on understanding the categorization of elements and neither was helpful if you didn't. "
"172",485,21,"small","true","Y","412x835","Mozilla/5.0 (Linux; Android 10; K) AppleWebKit/537.36 (KHTML, like Gecko) Chrome/119.0.0.0 Mobile Safari/537.36",30,"man","This is the button for a hamburger menu, which opens after you click on it.",NA,"bottomBar",16510.1000000238,1,4,0,25802.3999999762,1,2,0,5,6,5,6,7,7,7,6,"hamTop",16847.5,1,1,0,28676.7999999523,1,7,0,5,5,5,4,4,5,5,4,"Yellow","Yes","",""
"173",486,21,"big","true","Y","375x634","Mozilla/5.0 (iPhone; CPU iPhone OS 17_1_1 like Mac OS X) AppleWebKit/605.1.15 (KHTML, like Gecko) Version/17.1.1 Mobile/15E148 Safari/604.1",29,"not-disclosed","This is the button for a hamburger menu, which opens after you click on it.",NA,"bottomBar",100002,0,36,0,12342,1,2,0,6,6,6,6,6,2,2,4,"hamTop",15505,1,1,0,11709,1,1,0,6,7,7,7,6,4,6,6,"Yellow","Yes","","None"
"174",487,21,"small","true","Y","360x569","Mozilla/5.0 (Linux; Android 10; K) AppleWebKit/537.36 (KHTML, like Gecko) Chrome/119.0.0.0 Mobile Safari/537.36",39,"man","This is the button for a hamburger menu, which opens after you click on it.",NA,"hamTop",30182,1,3,1,9544,1,1,0,3,3,2,2,6,4,2,3,"bottomBar",15476,1,1,0,17225,1,1,0,7,7,7,7,5,5,4,3,"Yellow","Yes","","This was actually kinda fun and neat. Although a wizard should be able to create energy without a battery. "
"175",488,21,"big","true","Y","390x663","Mozilla/5.0 (iPhone; CPU iPhone OS 17_1_1 like Mac OS X) AppleWebKit/605.1.15 (KHTML, like Gecko) Version/17.1.1 Mobile/15E148 Safari/604.1",21,"man","This is the button for a hamburger menu, which opens after you click on it.",NA,"hamTop",23220,1,9,0,33034,1,8,0,3,3,3,3,3,3,3,3,"bottomBar",8118,1,3,0,46981,1,34,0,5,6,5,5,3,4,4,4,"Yellow","Yes","","God bless you, Jesus loves you."
"176",490,21,"big","true","Y","384x723","Mozilla/5.0 (Linux; Android 10; K) AppleWebKit/537.36 (KHTML, like Gecko) Chrome/119.0.0.0 Mobile Safari/537.36",29,"man","This is the button for a hamburger menu, which opens after you click on it.",NA,"hamTop",44873.7000000002,1,6,0,22018.8999999994,1,6,0,3,3,1,1,6,6,6,5,"bottomBar",19370.3999999994,1,6,0,24738.2999999998,1,13,0,6,7,7,6,5,6,5,5,"Yellow","Yes","",""
"177",492,21,"big","true","Y","390x661","Mozilla/5.0 (iPhone; CPU iPhone OS 17_1_1 like Mac OS X) AppleWebKit/605.1.15 (KHTML, like Gecko) Version/17.1.1 Mobile/15E148 Safari/604.1",30,"woman","This is the button for a hamburger menu, which opens after you click on it.",NA,"bottomBar",100003,0,35,0,26621,1,7,0,4,5,2,2,5,2,2,2,"hamTop",37781,1,1,0,11809,1,1,0,3,2,4,2,4,5,2,2,"Yellow","Yes","",""
"178",493,21,"small","true","Y","412x654","Mozilla/5.0 (Linux; Android 10; K) AppleWebKit/537.36 (KHTML, like Gecko) Chrome/119.0.0.0 Mobile Safari/537.36",34,"woman","This is the button for a hamburger menu, which opens after you click on it.",NA,"hamTop",23988,1,2,0,40245,1,9,0,4,5,2,4,5,6,6,6,"bottomBar",10078,1,1,0,8748,1,1,0,6,7,7,7,6,6,4,5,"Yellow","Yes","",""
"179",494,21,"big","true","Y","277x501","Mozilla/5.0 (Linux; Android 10; K) AppleWebKit/537.36 (KHTML, like Gecko) Chrome/119.0.0.0 Mobile Safari/537.36",25,"woman","This is the button for a hamburger menu, which opens after you click on it.",NA,"hamTop",42005.099999994,1,6,0,91767,1,9,0,6,7,7,6,6,7,6,6,"bottomBar",26314.5,1,10,0,39778.900000006,1,14,0,5,5,5,4,5,5,6,5,"Yellow","Yes","",""
"180",495,21,"small","true","Y","412x835","Mozilla/5.0 (Linux; Android 10; K) AppleWebKit/537.36 (KHTML, like Gecko) Chrome/119.0.0.0 Mobile Safari/537.36",27,"woman","This is the button for a hamburger menu, which opens after you click on it.",NA,"bottomBar",27761.700000003,1,6,0,12567.200000003,1,1,0,5,6,5,5,7,7,7,7,"hamTop",11043.700000003,1,1,0,21150,1,1,0,3,3,2,3,2,3,1,2,"Yellow","Yes","",""
"181",496,21,"big","true","Y","390x657","Mozilla/5.0 (iPhone; CPU iPhone OS 17_1_1 like Mac OS X) AppleWebKit/605.1.15 (KHTML, like Gecko) Version/17.1.1 Mobile/15E148 Safari/604.1",31,"woman","This is the button for a hamburger menu, which opens after you click on it.",NA,"hamTop",14888,1,1,0,40201,1,7,0,4,4,5,5,5,2,4,3,"bottomBar",23545,1,2,0,58485,1,12,0,3,1,3,2,4,4,5,5,"Yellow","Yes","","On the second slide of the emoji talking, the letters ended up becoming mixed up on the screen."
"182",497,21,"small","true","Y","390x663","Mozilla/5.0 (iPhone; CPU iPhone OS 17_1_1 like Mac OS X) AppleWebKit/605.1.15 (KHTML, like Gecko) Version/17.1.1 Mobile/15E148 Safari/604.1",24,"woman","This is the button for a hamburger menu, which opens after you click on it.",NA,"hamTop",12196,1,1,0,34641,1,4,0,7,7,7,7,7,7,7,7,"bottomBar",13592,1,3,0,12675,1,2,0,7,7,7,7,7,7,7,7,"Yellow","Yes","",""
"183",498,21,"big","true","Y","430x739","Mozilla/5.0 (iPhone; CPU iPhone OS 17_1_1 like Mac OS X) AppleWebKit/605.1.15 (KHTML, like Gecko) Version/17.1.1 Mobile/15E148 Safari/604.1",27,"woman","This is the button for a hamburger menu, which opens after you click on it.",NA,"hamTop",21574,1,1,0,30295,1,8,0,4,4,5,5,3,3,3,3,"bottomBar",22062,1,8,0,56234,1,21,0,5,3,4,3,4,4,4,4,"Yellow","Yes","",""
"184",499,21,"small","true","Y","412x757","Mozilla/5.0 (Linux; Android 10; K) AppleWebKit/537.36 (KHTML, like Gecko) Chrome/119.0.0.0 Mobile Safari/537.36",22,"non-binary","This is the button for a hamburger menu, which opens after you click on it.",NA,"bottomBar",20019.8000000119,1,4,0,8672.40000000596,1,1,0,5,6,4,5,6,7,7,6,"hamTop",11138.6000000089,1,2,0,20283.299999997,1,1,0,2,3,1,3,3,2,3,3,"Yellow","Yes","",""
"185",500,21,"big","true","Y","360x666","Mozilla/5.0 (Linux; Android 10; K) AppleWebKit/537.36 (KHTML, like Gecko) Chrome/114.0.0.0 Mobile Safari/537.36",56,"woman","This is the button for a hamburger menu, which opens after you click on it.",NA,"hamTop",50975.1000000001,1,2,0,100820.2,0,1,0,7,7,6,6,6,5,7,7,"bottomBar",84894.2999999998,1,18,0,12631.7000000002,1,2,0,3,2,4,4,7,7,7,7,"Yellow","Yes","",""
"186",501,21,"small","true","Y","414x713","Mozilla/5.0 (Android 10; Mobile; rv:120.0) Gecko/120.0 Firefox/120.0",26,"man","This is the button for a hamburger menu, which opens after you click on it.",NA,"bottomBar",17744,1,5,0,21909,1,3,0,3,2,2,1,5,6,6,4,"hamTop",11409,1,1,0,11898,1,1,0,3,3,2,4,3,3,3,2,"Yellow","Yes","",""
"187",502,21,"big","true","Y","428x746","Mozilla/5.0 (iPhone; CPU iPhone OS 16_1_1 like Mac OS X) AppleWebKit/605.1.15 (KHTML, like Gecko) Version/16.1 Mobile/15E148 Safari/604.1",39,"woman","This is the button for a hamburger menu, which opens after you click on it.",NA,"hamTop",57781,1,4,0,44783,1,7,0,5,5,4,4,4,3,4,3,"bottomBar",20207,1,2,0,23669,1,2,0,6,7,7,6,7,7,7,7,"Yellow","Yes","",""
"188",503,21,"small","true","Y","430x737","Mozilla/5.0 (iPhone; CPU iPhone OS 17_1_1 like Mac OS X) AppleWebKit/605.1.15 (KHTML, like Gecko) Version/17.1.1 Mobile/15E148 Safari/604.1",37,"woman","This is the button for a hamburger menu, which opens after you click on it.",NA,"bottomBar",26581,1,4,0,14697,1,6,0,4,5,5,4,7,7,7,7,"hamTop",10031,1,1,0,11047,1,1,0,3,6,5,5,2,1,2,3,"Yellow","Yes","",""
"189",505,21,"small","true","Y","414x618","Mozilla/5.0 (iPhone; CPU iPhone OS 16_7_2 like Mac OS X) AppleWebKit/605.1.15 (KHTML, like Gecko) Version/16.6 Mobile/15E148 Safari/604.1",26,"woman","This is the button for a hamburger menu, which opens after you click on it.",NA,"hamTop",31017,1,4,0,55286,1,1,0,4,5,2,5,7,5,7,6,"bottomBar",16859,1,2,0,16376,1,4,0,5,5,7,6,5,7,5,6,"Yellow","Yes","",""
"190",506,21,"big","true","Y","432x810","Mozilla/5.0 (Linux; Android 10; K) AppleWebKit/537.36 (KHTML, like Gecko) Chrome/119.0.0.0 Mobile Safari/537.36",49,"woman","This is the button for a hamburger menu, which opens after you click on it.",NA,"bottomBar",93910,1,12,0,37305.1999999993,1,8,0,4,3,5,5,2,2,2,1,"hamTop",24166.8999999985,1,2,0,92653.8999999985,1,4,0,2,4,1,1,4,5,1,4,"Yellow","Yes","","Not enough explanation given ahead of time for how the customer was going to see and use those pop-up menus to place their orders. Quite confusing."
"191",507,21,"small","true","Y","360x666","Mozilla/5.0 (Linux; Android 10; K) AppleWebKit/537.36 (KHTML, like Gecko) Chrome/114.0.0.0 Mobile Safari/537.36",63,"woman","This is the button for a hamburger menu, which opens after you click on it.",NA,"hamTop",11579.3999999994,1,1,0,23406.7000000002,1,4,0,4,4,6,6,5,6,7,7,"bottomBar",18224.7999999998,1,3,0,16731.9000000004,1,1,0,6,6,7,7,4,3,3,3,"Yellow","Yes","",""
"192",508,21,"big","true","Y","384x718","Mozilla/5.0 (Linux; Android 10; K) AppleWebKit/537.36 (KHTML, like Gecko) Chrome/119.0.0.0 Mobile Safari/537.36",63,"woman","This is the button for a hamburger menu, which opens after you click on it.",NA,"bottomBar",17513.6000000015,1,2,0,100006.399999999,0,10,15,4,4,4,3,4,3,3,3,"hamTop",51207,1,3,0,13507.8999999985,1,1,0,4,4,4,5,4,3,4,4,"Yellow","Yes","",""
"193",509,21,"small","true","Y","375x526","Mozilla/5.0 (iPhone; CPU iPhone OS 17_1_1 like Mac OS X) AppleWebKit/605.1.15 (KHTML, like Gecko) FxiOS/120.1  Mobile/15E148 Safari/605.1.15",52,"woman","This is the button for a hamburger menu, which opens after you click on it.",NA,"bottomBar",19574,1,3,0,9309,1,1,0,5,5,4,5,7,6,6,6,"hamTop",13089,1,1,0,28388,1,2,0,5,5,4,5,4,5,4,4,"Yellow","Yes","",""
"194",514,21,"big","true","Y","430x739","Mozilla/5.0 (iPhone; CPU iPhone OS 17_0_3 like Mac OS X) AppleWebKit/605.1.15 (KHTML, like Gecko) Version/17.0.1 Mobile/15E148 Safari/604.1",28,"woman","This is the button for a hamburger menu, which opens after you click on it.",NA,"bottomBar",12390,1,2,0,30487,1,10,0,6,6,6,6,5,4,5,4,"hamTop",61300,1,3,0,10372,1,1,0,5,3,4,3,4,3,4,4,"Yellow","Yes","","When given the first material, the text scrambled and overlapped "
"195",515,21,"small","true","Y","375x545","Mozilla/5.0 (iPhone; CPU iPhone OS 17_1_1 like Mac OS X) AppleWebKit/605.1.15 (KHTML, like Gecko) Version/17.1.1 Mobile/15E148 Safari/604.1",32,"woman","This is the button for a hamburger menu, which opens after you click on it.",NA,"bottomBar",19670,1,4,0,11513,1,2,0,1,1,4,4,3,4,1,6,"hamTop",13946,1,1,0,21356,1,2,0,7,7,7,7,1,1,1,1,"Yellow","Yes","",""
"196",517,21,"small","true","Y","375x548","Mozilla/5.0 (iPhone; CPU iPhone OS 15_7_9 like Mac OS X) AppleWebKit/605.1.15 (KHTML, like Gecko) Version/15.6.6 Mobile/15E148 Safari/604.1",23,"woman","This is the button for a hamburger menu, which opens after you click on it.",NA,"bottomBar",21454,1,4,0,37838,1,4,0,6,6,4,4,5,6,6,6,"hamTop",26041,1,2,0,21849,1,4,0,3,6,4,6,5,6,4,4,"Yellow","Yes","",""
"197",518,21,"big","true","Y","375x547","Mozilla/5.0 (iPhone; CPU iPhone OS 17_1_1 like Mac OS X) AppleWebKit/605.1.15 (KHTML, like Gecko) Version/17.1.1 Mobile/15E148 Safari/604.1",28,"woman","This is the button for a hamburger menu, which opens after you click on it.",NA,"bottomBar",25212,1,8,0,38592,1,16,0,6,6,6,5,5,6,6,6,"hamTop",18525,1,3,0,78391,1,13,0,6,7,6,7,6,6,5,5,"Yellow","Yes","",""
"198",519,21,"small","true","Y","390x662","Mozilla/5.0 (iPhone; CPU iPhone OS 17_0_3 like Mac OS X) AppleWebKit/605.1.15 (KHTML, like Gecko) Version/17.0.1 Mobile/15E148 Safari/604.1",29,"woman","This is the button for a hamburger menu, which opens after you click on it.",NA,"bottomBar",49047,1,4,0,12216,1,3,0,4,5,3,5,4,4,5,4,"hamTop",18635,1,2,0,14072,1,2,0,5,6,6,6,4,5,3,3,"Yellow","Yes","","No problems "
"199",520,21,"big","true","Y","360x612","Mozilla/5.0 (Linux; Android 10; K) AppleWebKit/537.36 (KHTML, like Gecko) Chrome/119.0.0.0 Mobile Safari/537.36",57,"woman","This is the button for a hamburger menu, which opens after you click on it.",NA,"bottomBar",100005.299999997,0,4,0,100001.5,0,10,0,2,2,4,3,3,1,1,1,"hamTop",72070.299999997,1,3,0,16277.1999999955,1,1,0,5,6,6,6,5,5,4,4,"Yellow","Yes","","First set was confusing.  Second set was much better. "
"200",521,21,"small","true","Y","320x525","Mozilla/5.0 (iPhone; CPU iPhone OS 17_1_1 like Mac OS X) AppleWebKit/605.1.15 (KHTML, like Gecko) Version/17.1.1 Mobile/15E148 Safari/604.1",52,"woman","This is the button for a hamburger menu, which opens after you click on it.",NA,"hamTop",38785,1,3,0,73423,1,4,0,4,4,5,5,2,1,1,1,"bottomBar",17556,1,1,0,66809,1,4,0,2,1,1,1,1,1,4,4,"Yellow","Yes","",""
"201",523,21,"small","true","Y","375x548","Mozilla/5.0 (iPhone; CPU iPhone OS 16_3_1 like Mac OS X) AppleWebKit/605.1.15 (KHTML, like Gecko) Version/16.3 Mobile/15E148 Safari/604.1",34,"woman","This is the button for a hamburger menu, which opens after you click on it.",NA,"bottomBar",19987,1,4,0,18795,1,3,0,4,5,5,5,4,3,5,4,"hamTop",27159,1,2,0,9849,1,1,0,5,5,5,4,4,5,5,4,"Yellow","Yes","",""
"202",524,21,"big","true","Y","390x664","Mozilla/5.0 (iPhone; CPU iPhone OS 16_6 like Mac OS X) AppleWebKit/605.1.15 (KHTML, like Gecko) Version/16.6 Mobile/15E148 Safari/604.1",34,"woman","This is the button for a hamburger menu, which opens after you click on it.",NA,"bottomBar",63384,1,21,0,25561,1,3,0,5,6,6,5,6,5,6,6,"hamTop",34522,1,4,0,57726,1,3,0,5,6,4,5,5,4,5,4,"Yellow","Yes","",""
